
Proyecto 2 Garra.elf:     file format elf32-avr

Sections:
Idx Name          Size      VMA       LMA       File off  Algn
  0 .data         00000448  00800100  000012dc  00001370  2**0
                  CONTENTS, ALLOC, LOAD, DATA
  1 .text         000012dc  00000000  00000000  00000094  2**1
                  CONTENTS, ALLOC, LOAD, READONLY, CODE
  2 .bss          00000004  00800548  00800548  000017b8  2**0
                  ALLOC
  3 .comment      00000030  00000000  00000000  000017b8  2**0
                  CONTENTS, READONLY
  4 .note.gnu.avr.deviceinfo 00000040  00000000  00000000  000017e8  2**2
                  CONTENTS, READONLY
  5 .debug_aranges 000001e8  00000000  00000000  00001828  2**0
                  CONTENTS, READONLY, DEBUGGING
  6 .debug_info   00002b7a  00000000  00000000  00001a10  2**0
                  CONTENTS, READONLY, DEBUGGING
  7 .debug_abbrev 00000dc2  00000000  00000000  0000458a  2**0
                  CONTENTS, READONLY, DEBUGGING
  8 .debug_line   000013b3  00000000  00000000  0000534c  2**0
                  CONTENTS, READONLY, DEBUGGING
  9 .debug_frame  00000604  00000000  00000000  00006700  2**2
                  CONTENTS, READONLY, DEBUGGING
 10 .debug_str    00000937  00000000  00000000  00006d04  2**0
                  CONTENTS, READONLY, DEBUGGING
 11 .debug_loc    00001f0d  00000000  00000000  0000763b  2**0
                  CONTENTS, READONLY, DEBUGGING
 12 .debug_ranges 000001b8  00000000  00000000  00009548  2**0
                  CONTENTS, READONLY, DEBUGGING

Disassembly of section .text:

00000000 <__vectors>:
       0:	0c 94 34 00 	jmp	0x68	; 0x68 <__ctors_end>
       4:	0c 94 51 00 	jmp	0xa2	; 0xa2 <__bad_interrupt>
       8:	0c 94 51 00 	jmp	0xa2	; 0xa2 <__bad_interrupt>
       c:	0c 94 51 00 	jmp	0xa2	; 0xa2 <__bad_interrupt>
      10:	0c 94 51 00 	jmp	0xa2	; 0xa2 <__bad_interrupt>
      14:	0c 94 51 00 	jmp	0xa2	; 0xa2 <__bad_interrupt>
      18:	0c 94 51 00 	jmp	0xa2	; 0xa2 <__bad_interrupt>
      1c:	0c 94 51 00 	jmp	0xa2	; 0xa2 <__bad_interrupt>
      20:	0c 94 51 00 	jmp	0xa2	; 0xa2 <__bad_interrupt>
      24:	0c 94 51 00 	jmp	0xa2	; 0xa2 <__bad_interrupt>
      28:	0c 94 51 00 	jmp	0xa2	; 0xa2 <__bad_interrupt>
      2c:	0c 94 51 00 	jmp	0xa2	; 0xa2 <__bad_interrupt>
      30:	0c 94 51 00 	jmp	0xa2	; 0xa2 <__bad_interrupt>
      34:	0c 94 51 00 	jmp	0xa2	; 0xa2 <__bad_interrupt>
      38:	0c 94 51 00 	jmp	0xa2	; 0xa2 <__bad_interrupt>
      3c:	0c 94 51 00 	jmp	0xa2	; 0xa2 <__bad_interrupt>
      40:	0c 94 51 00 	jmp	0xa2	; 0xa2 <__bad_interrupt>
      44:	0c 94 51 00 	jmp	0xa2	; 0xa2 <__bad_interrupt>
      48:	0c 94 5d 07 	jmp	0xeba	; 0xeba <__vector_18>
      4c:	0c 94 51 00 	jmp	0xa2	; 0xa2 <__bad_interrupt>
      50:	0c 94 51 00 	jmp	0xa2	; 0xa2 <__bad_interrupt>
      54:	0c 94 51 00 	jmp	0xa2	; 0xa2 <__bad_interrupt>
      58:	0c 94 51 00 	jmp	0xa2	; 0xa2 <__bad_interrupt>
      5c:	0c 94 51 00 	jmp	0xa2	; 0xa2 <__bad_interrupt>
      60:	0c 94 51 00 	jmp	0xa2	; 0xa2 <__bad_interrupt>
      64:	0c 94 51 00 	jmp	0xa2	; 0xa2 <__bad_interrupt>

00000068 <__ctors_end>:
      68:	11 24       	eor	r1, r1
      6a:	1f be       	out	0x3f, r1	; 63
      6c:	cf ef       	ldi	r28, 0xFF	; 255
      6e:	d8 e0       	ldi	r29, 0x08	; 8
      70:	de bf       	out	0x3e, r29	; 62
      72:	cd bf       	out	0x3d, r28	; 61

00000074 <__do_copy_data>:
      74:	15 e0       	ldi	r17, 0x05	; 5
      76:	a0 e0       	ldi	r26, 0x00	; 0
      78:	b1 e0       	ldi	r27, 0x01	; 1
      7a:	ec ed       	ldi	r30, 0xDC	; 220
      7c:	f2 e1       	ldi	r31, 0x12	; 18
      7e:	02 c0       	rjmp	.+4      	; 0x84 <__do_copy_data+0x10>
      80:	05 90       	lpm	r0, Z+
      82:	0d 92       	st	X+, r0
      84:	a8 34       	cpi	r26, 0x48	; 72
      86:	b1 07       	cpc	r27, r17
      88:	d9 f7       	brne	.-10     	; 0x80 <__do_copy_data+0xc>

0000008a <__do_clear_bss>:
      8a:	25 e0       	ldi	r18, 0x05	; 5
      8c:	a8 e4       	ldi	r26, 0x48	; 72
      8e:	b5 e0       	ldi	r27, 0x05	; 5
      90:	01 c0       	rjmp	.+2      	; 0x94 <.do_clear_bss_start>

00000092 <.do_clear_bss_loop>:
      92:	1d 92       	st	X+, r1

00000094 <.do_clear_bss_start>:
      94:	ac 34       	cpi	r26, 0x4C	; 76
      96:	b2 07       	cpc	r27, r18
      98:	e1 f7       	brne	.-8      	; 0x92 <.do_clear_bss_loop>
      9a:	0e 94 a5 06 	call	0xd4a	; 0xd4a <main>
      9e:	0c 94 6c 09 	jmp	0x12d8	; 0x12d8 <_exit>

000000a2 <__bad_interrupt>:
      a2:	0c 94 00 00 	jmp	0	; 0x0 <__vectors>

000000a6 <eepromWrite>:
#include "eeprom.h"

void eepromWrite(uint16_t address, uint8_t data)
{
    /* Esperar escritura anterior */
    while (EECR & (1 << EEPE));
      a6:	f9 99       	sbic	0x1f, 1	; 31
      a8:	fe cf       	rjmp	.-4      	; 0xa6 <eepromWrite>

    EEAR = address;
      aa:	92 bd       	out	0x22, r25	; 34
      ac:	81 bd       	out	0x21, r24	; 33
    EEDR = data;
      ae:	60 bd       	out	0x20, r22	; 32

    /* Secuencia de escritura obligatoria del datasheet */
    EECR |= (1 << EEMPE);
      b0:	8f b3       	in	r24, 0x1f	; 31
      b2:	84 60       	ori	r24, 0x04	; 4
      b4:	8f bb       	out	0x1f, r24	; 31
    EECR |= (1 << EEPE);
      b6:	8f b3       	in	r24, 0x1f	; 31
      b8:	82 60       	ori	r24, 0x02	; 2
      ba:	8f bb       	out	0x1f, r24	; 31
      bc:	08 95       	ret

000000be <eepromRead>:
}

uint8_t eepromRead(uint16_t address)
{
    while (EECR & (1 << EEPE));
      be:	f9 99       	sbic	0x1f, 1	; 31
      c0:	fe cf       	rjmp	.-4      	; 0xbe <eepromRead>

    EEAR = address;
      c2:	92 bd       	out	0x22, r25	; 34
      c4:	81 bd       	out	0x21, r24	; 33
    EECR |= (1 << EERE);
      c6:	8f b3       	in	r24, 0x1f	; 31
      c8:	81 60       	ori	r24, 0x01	; 1
      ca:	8f bb       	out	0x1f, r24	; 31

    return EEDR;
      cc:	80 b5       	in	r24, 0x20	; 32
      ce:	08 95       	ret

000000d0 <buttons_init>:
/****************************************/
// NON-Interrupt subroutines

static void buttons_init(void)
{
    DDRC  &= ~((1 << BTN_CHANGE_PIN) | (1 << BTN_ACTION_PIN));
      d0:	87 b1       	in	r24, 0x07	; 7
      d2:	8f 7c       	andi	r24, 0xCF	; 207
      d4:	87 b9       	out	0x07, r24	; 7
    PORTC |=  (1 << BTN_CHANGE_PIN)  | (1 << BTN_ACTION_PIN);
      d6:	88 b1       	in	r24, 0x08	; 8
      d8:	80 63       	ori	r24, 0x30	; 48
      da:	88 b9       	out	0x08, r24	; 8
      dc:	08 95       	ret

000000de <set_mode_leds>:
    return 0;
}

static void set_mode_leds(app_mode_t mode)
{
    PORTD &= ~(1 << PD2);
      de:	9b b1       	in	r25, 0x0b	; 11
      e0:	9b 7f       	andi	r25, 0xFB	; 251
      e2:	9b b9       	out	0x0b, r25	; 11
    PORTB &= ~((1 << PB4) | (1 << PB5));
      e4:	95 b1       	in	r25, 0x05	; 5
      e6:	9f 7c       	andi	r25, 0xCF	; 207
      e8:	95 b9       	out	0x05, r25	; 5

    switch (mode)
      ea:	81 30       	cpi	r24, 0x01	; 1
      ec:	51 f0       	breq	.+20     	; 0x102 <set_mode_leds+0x24>
      ee:	28 f0       	brcs	.+10     	; 0xfa <set_mode_leds+0x1c>
      f0:	82 30       	cpi	r24, 0x02	; 2
      f2:	59 f0       	breq	.+22     	; 0x10a <set_mode_leds+0x2c>
      f4:	83 30       	cpi	r24, 0x03	; 3
      f6:	69 f0       	breq	.+26     	; 0x112 <set_mode_leds+0x34>
      f8:	08 95       	ret
    {
        case MODE_ADC:      PORTD |= (1 << PD2);                    break;
      fa:	8b b1       	in	r24, 0x0b	; 11
      fc:	84 60       	ori	r24, 0x04	; 4
      fe:	8b b9       	out	0x0b, r24	; 11
     100:	08 95       	ret
        case MODE_SERIAL:   PORTB |= (1 << PB4);                    break;
     102:	85 b1       	in	r24, 0x05	; 5
     104:	80 61       	ori	r24, 0x10	; 16
     106:	85 b9       	out	0x05, r24	; 5
     108:	08 95       	ret
        case MODE_RECORD:   PORTB |= (1 << PB5);                    break;
     10a:	85 b1       	in	r24, 0x05	; 5
     10c:	80 62       	ori	r24, 0x20	; 32
     10e:	85 b9       	out	0x05, r24	; 5
     110:	08 95       	ret
        case MODE_PLAYBACK: PORTD |= (1 << PD2); PORTB |= (1<<PB4); break;
     112:	8b b1       	in	r24, 0x0b	; 11
     114:	84 60       	ori	r24, 0x04	; 4
     116:	8b b9       	out	0x0b, r24	; 11
     118:	85 b1       	in	r24, 0x05	; 5
     11a:	80 61       	ori	r24, 0x10	; 16
     11c:	85 b9       	out	0x05, r24	; 5
     11e:	08 95       	ret

00000120 <adc_init>:
    }
}

static void adc_init(void)
{
    ADMUX  = (1 << REFS0);
     120:	80 e4       	ldi	r24, 0x40	; 64
     122:	80 93 7c 00 	sts	0x007C, r24	; 0x80007c <__TEXT_REGION_LENGTH__+0x7f807c>
    ADCSRA = (1 << ADEN) | (1 << ADPS2) | (1 << ADPS1) | (1 << ADPS0);
     126:	ea e7       	ldi	r30, 0x7A	; 122
     128:	f0 e0       	ldi	r31, 0x00	; 0
     12a:	87 e8       	ldi	r24, 0x87	; 135
     12c:	80 83       	st	Z, r24
    ADCSRA |= (1 << ADSC);
     12e:	80 81       	ld	r24, Z
     130:	80 64       	ori	r24, 0x40	; 64
     132:	80 83       	st	Z, r24
    while (ADCSRA & (1 << ADSC));
     134:	80 91 7a 00 	lds	r24, 0x007A	; 0x80007a <__TEXT_REGION_LENGTH__+0x7f807a>
     138:	86 fd       	sbrc	r24, 6
     13a:	fc cf       	rjmp	.-8      	; 0x134 <adc_init+0x14>
}
     13c:	08 95       	ret

0000013e <adc_read>:

static uint16_t adc_read(uint8_t channel)
{
    ADMUX  = (ADMUX & 0xF0) | (channel & 0x0F);
     13e:	ec e7       	ldi	r30, 0x7C	; 124
     140:	f0 e0       	ldi	r31, 0x00	; 0
     142:	90 81       	ld	r25, Z
     144:	90 7f       	andi	r25, 0xF0	; 240
     146:	8f 70       	andi	r24, 0x0F	; 15
     148:	89 2b       	or	r24, r25
     14a:	80 83       	st	Z, r24
    ADCSRA |= (1 << ADSC);
     14c:	ea e7       	ldi	r30, 0x7A	; 122
     14e:	f0 e0       	ldi	r31, 0x00	; 0
     150:	80 81       	ld	r24, Z
     152:	80 64       	ori	r24, 0x40	; 64
     154:	80 83       	st	Z, r24
    while (ADCSRA & (1 << ADSC));
     156:	80 91 7a 00 	lds	r24, 0x007A	; 0x80007a <__TEXT_REGION_LENGTH__+0x7f807a>
     15a:	86 fd       	sbrc	r24, 6
     15c:	fc cf       	rjmp	.-8      	; 0x156 <adc_read+0x18>
    return ADC;
     15e:	80 91 78 00 	lds	r24, 0x0078	; 0x800078 <__TEXT_REGION_LENGTH__+0x7f8078>
     162:	90 91 79 00 	lds	r25, 0x0079	; 0x800079 <__TEXT_REGION_LENGTH__+0x7f8079>
}
     166:	08 95       	ret

00000168 <map_value>:

static int32_t map_value(int32_t val, int32_t in_min, int32_t in_max, int32_t out_min, int32_t out_max)
{
     168:	4f 92       	push	r4
     16a:	5f 92       	push	r5
     16c:	6f 92       	push	r6
     16e:	7f 92       	push	r7
     170:	af 92       	push	r10
     172:	bf 92       	push	r11
     174:	cf 92       	push	r12
     176:	df 92       	push	r13
     178:	ef 92       	push	r14
     17a:	ff 92       	push	r15
     17c:	0f 93       	push	r16
     17e:	1f 93       	push	r17
     180:	cf 93       	push	r28
     182:	df 93       	push	r29
     184:	cd b7       	in	r28, 0x3d	; 61
     186:	de b7       	in	r29, 0x3e	; 62
     188:	29 01       	movw	r4, r18
     18a:	3a 01       	movw	r6, r20
    return out_min + (val - in_min) * (out_max - out_min) / (in_max - in_min);
     18c:	9b 01       	movw	r18, r22
     18e:	ac 01       	movw	r20, r24
     190:	24 19       	sub	r18, r4
     192:	35 09       	sbc	r19, r5
     194:	46 09       	sbc	r20, r6
     196:	57 09       	sbc	r21, r7
     198:	89 89       	ldd	r24, Y+17	; 0x11
     19a:	9a 89       	ldd	r25, Y+18	; 0x12
     19c:	ab 89       	ldd	r26, Y+19	; 0x13
     19e:	bc 89       	ldd	r27, Y+20	; 0x14
     1a0:	bc 01       	movw	r22, r24
     1a2:	cd 01       	movw	r24, r26
     1a4:	6a 19       	sub	r22, r10
     1a6:	7b 09       	sbc	r23, r11
     1a8:	8c 09       	sbc	r24, r12
     1aa:	9d 09       	sbc	r25, r13
     1ac:	0e 94 c7 08 	call	0x118e	; 0x118e <__mulsi3>
     1b0:	a8 01       	movw	r20, r16
     1b2:	97 01       	movw	r18, r14
     1b4:	24 19       	sub	r18, r4
     1b6:	35 09       	sbc	r19, r5
     1b8:	46 09       	sbc	r20, r6
     1ba:	57 09       	sbc	r21, r7
     1bc:	0e 94 f9 08 	call	0x11f2	; 0x11f2 <__divmodsi4>
     1c0:	c6 01       	movw	r24, r12
     1c2:	b5 01       	movw	r22, r10
     1c4:	62 0f       	add	r22, r18
     1c6:	73 1f       	adc	r23, r19
     1c8:	84 1f       	adc	r24, r20
     1ca:	95 1f       	adc	r25, r21
}
     1cc:	df 91       	pop	r29
     1ce:	cf 91       	pop	r28
     1d0:	1f 91       	pop	r17
     1d2:	0f 91       	pop	r16
     1d4:	ff 90       	pop	r15
     1d6:	ef 90       	pop	r14
     1d8:	df 90       	pop	r13
     1da:	cf 90       	pop	r12
     1dc:	bf 90       	pop	r11
     1de:	af 90       	pop	r10
     1e0:	7f 90       	pop	r7
     1e2:	6f 90       	pop	r6
     1e4:	5f 90       	pop	r5
     1e6:	4f 90       	pop	r4
     1e8:	08 95       	ret

000001ea <enviar_feedback>:
    }
    writeString("  PC5=ejecutar  PC4=cambiar\r\n");
}

static void enviar_feedback(uint8_t servo_id, uint8_t angulo)
{
     1ea:	cf 93       	push	r28
     1ec:	df 93       	push	r29
     1ee:	cd b7       	in	r28, 0x3d	; 61
     1f0:	de b7       	in	r29, 0x3e	; 62
     1f2:	60 97       	sbiw	r28, 0x10	; 16
     1f4:	0f b6       	in	r0, 0x3f	; 63
     1f6:	f8 94       	cli
     1f8:	de bf       	out	0x3e, r29	; 62
     1fa:	0f be       	out	0x3f, r0	; 63
     1fc:	cd bf       	out	0x3d, r28	; 61
    char    buf[12];
    uint8_t i = 0;

    buf[i++] = 'F';
     1fe:	96 e4       	ldi	r25, 0x46	; 70
     200:	99 83       	std	Y+1, r25	; 0x01
    buf[i++] = 'B';
     202:	92 e4       	ldi	r25, 0x42	; 66
     204:	9a 83       	std	Y+2, r25	; 0x02
    buf[i++] = '0' + servo_id;
     206:	80 5d       	subi	r24, 0xD0	; 208
     208:	8b 83       	std	Y+3, r24	; 0x03
    buf[i++] = ':';
     20a:	8a e3       	ldi	r24, 0x3A	; 58
     20c:	8c 83       	std	Y+4, r24	; 0x04

    if (angulo == 0)
     20e:	61 11       	cpse	r22, r1
     210:	1d c0       	rjmp	.+58     	; 0x24c <enviar_feedback+0x62>
    {
        buf[i++] = '0';
     212:	80 e3       	ldi	r24, 0x30	; 48
     214:	8d 83       	std	Y+5, r24	; 0x05
     216:	95 e0       	ldi	r25, 0x05	; 5
     218:	30 c0       	rjmp	.+96     	; 0x27a <enviar_feedback+0x90>
    else
    {
        char    tmp[4];
        uint8_t n = 0;
        uint8_t a = angulo;
        while (a > 0) { tmp[n++] = '0' + (a % 10); a /= 10; }
     21a:	ed e0       	ldi	r30, 0x0D	; 13
     21c:	f0 e0       	ldi	r31, 0x00	; 0
     21e:	ec 0f       	add	r30, r28
     220:	fd 1f       	adc	r31, r29
     222:	e8 0f       	add	r30, r24
     224:	f1 1d       	adc	r31, r1
     226:	9d ec       	ldi	r25, 0xCD	; 205
     228:	69 9f       	mul	r22, r25
     22a:	91 2d       	mov	r25, r1
     22c:	11 24       	eor	r1, r1
     22e:	96 95       	lsr	r25
     230:	96 95       	lsr	r25
     232:	96 95       	lsr	r25
     234:	39 2f       	mov	r19, r25
     236:	33 0f       	add	r19, r19
     238:	23 2f       	mov	r18, r19
     23a:	22 0f       	add	r18, r18
     23c:	22 0f       	add	r18, r18
     23e:	23 0f       	add	r18, r19
     240:	62 1b       	sub	r22, r18
     242:	60 5d       	subi	r22, 0xD0	; 208
     244:	60 83       	st	Z, r22
     246:	69 2f       	mov	r22, r25
     248:	8f 5f       	subi	r24, 0xFF	; 255
     24a:	01 c0       	rjmp	.+2      	; 0x24e <enviar_feedback+0x64>
     24c:	80 e0       	ldi	r24, 0x00	; 0
     24e:	61 11       	cpse	r22, r1
     250:	e4 cf       	rjmp	.-56     	; 0x21a <enviar_feedback+0x30>
     252:	94 e0       	ldi	r25, 0x04	; 4
     254:	10 c0       	rjmp	.+32     	; 0x276 <enviar_feedback+0x8c>
        while (n > 0) { buf[i++] = tmp[--n]; }
     256:	81 50       	subi	r24, 0x01	; 1
     258:	ed e0       	ldi	r30, 0x0D	; 13
     25a:	f0 e0       	ldi	r31, 0x00	; 0
     25c:	ec 0f       	add	r30, r28
     25e:	fd 1f       	adc	r31, r29
     260:	e8 0f       	add	r30, r24
     262:	f1 1d       	adc	r31, r1
     264:	20 81       	ld	r18, Z
     266:	e1 e0       	ldi	r30, 0x01	; 1
     268:	f0 e0       	ldi	r31, 0x00	; 0
     26a:	ec 0f       	add	r30, r28
     26c:	fd 1f       	adc	r31, r29
     26e:	e9 0f       	add	r30, r25
     270:	f1 1d       	adc	r31, r1
     272:	20 83       	st	Z, r18
     274:	9f 5f       	subi	r25, 0xFF	; 255
     276:	81 11       	cpse	r24, r1
     278:	ee cf       	rjmp	.-36     	; 0x256 <enviar_feedback+0x6c>
    }

    buf[i++] = '\r';
     27a:	81 e0       	ldi	r24, 0x01	; 1
     27c:	89 0f       	add	r24, r25
     27e:	e1 e0       	ldi	r30, 0x01	; 1
     280:	f0 e0       	ldi	r31, 0x00	; 0
     282:	ec 0f       	add	r30, r28
     284:	fd 1f       	adc	r31, r29
     286:	e9 0f       	add	r30, r25
     288:	f1 1d       	adc	r31, r1
     28a:	2d e0       	ldi	r18, 0x0D	; 13
     28c:	20 83       	st	Z, r18
    buf[i++] = '\n';
     28e:	9e 5f       	subi	r25, 0xFE	; 254
     290:	e1 e0       	ldi	r30, 0x01	; 1
     292:	f0 e0       	ldi	r31, 0x00	; 0
     294:	ec 0f       	add	r30, r28
     296:	fd 1f       	adc	r31, r29
     298:	e8 0f       	add	r30, r24
     29a:	f1 1d       	adc	r31, r1
     29c:	8a e0       	ldi	r24, 0x0A	; 10
     29e:	80 83       	st	Z, r24
    buf[i]   = '\0';
     2a0:	e1 e0       	ldi	r30, 0x01	; 1
     2a2:	f0 e0       	ldi	r31, 0x00	; 0
     2a4:	ec 0f       	add	r30, r28
     2a6:	fd 1f       	adc	r31, r29
     2a8:	e9 0f       	add	r30, r25
     2aa:	f1 1d       	adc	r31, r1
     2ac:	10 82       	st	Z, r1

    writeString(buf);
     2ae:	ce 01       	movw	r24, r28
     2b0:	01 96       	adiw	r24, 0x01	; 1
     2b2:	0e 94 ba 08 	call	0x1174	; 0x1174 <writeString>
}
     2b6:	60 96       	adiw	r28, 0x10	; 16
     2b8:	0f b6       	in	r0, 0x3f	; 63
     2ba:	f8 94       	cli
     2bc:	de bf       	out	0x3e, r29	; 62
     2be:	0f be       	out	0x3f, r0	; 63
     2c0:	cd bf       	out	0x3d, r28	; 61
     2c2:	df 91       	pop	r29
     2c4:	cf 91       	pop	r28
     2c6:	08 95       	ret

000002c8 <print_mode_name>:
        case MODE_PLAYBACK: PORTD |= (1 << PD2); PORTB |= (1<<PB4); break;
    }
}

static void print_mode_name(app_mode_t mode)
{
     2c8:	cf 93       	push	r28
     2ca:	c8 2f       	mov	r28, r24
    writeString("\r\n> Modo: ");
     2cc:	80 e0       	ldi	r24, 0x00	; 0
     2ce:	91 e0       	ldi	r25, 0x01	; 1
     2d0:	0e 94 ba 08 	call	0x1174	; 0x1174 <writeString>
    switch (mode)
     2d4:	c1 30       	cpi	r28, 0x01	; 1
     2d6:	59 f0       	breq	.+22     	; 0x2ee <print_mode_name+0x26>
     2d8:	28 f0       	brcs	.+10     	; 0x2e4 <print_mode_name+0x1c>
     2da:	c2 30       	cpi	r28, 0x02	; 2
     2dc:	69 f0       	breq	.+26     	; 0x2f8 <print_mode_name+0x30>
     2de:	c3 30       	cpi	r28, 0x03	; 3
     2e0:	81 f0       	breq	.+32     	; 0x302 <print_mode_name+0x3a>
     2e2:	13 c0       	rjmp	.+38     	; 0x30a <print_mode_name+0x42>
    {
        case MODE_ADC:      writeString("ADC\r\n");      break;
     2e4:	8b e0       	ldi	r24, 0x0B	; 11
     2e6:	91 e0       	ldi	r25, 0x01	; 1
     2e8:	0e 94 ba 08 	call	0x1174	; 0x1174 <writeString>
     2ec:	0e c0       	rjmp	.+28     	; 0x30a <print_mode_name+0x42>
        case MODE_SERIAL:   writeString("SERIAL\r\n");   break;
     2ee:	81 e1       	ldi	r24, 0x11	; 17
     2f0:	91 e0       	ldi	r25, 0x01	; 1
     2f2:	0e 94 ba 08 	call	0x1174	; 0x1174 <writeString>
     2f6:	09 c0       	rjmp	.+18     	; 0x30a <print_mode_name+0x42>
        case MODE_RECORD:   writeString("RECORD\r\n");   break;
     2f8:	8a e1       	ldi	r24, 0x1A	; 26
     2fa:	91 e0       	ldi	r25, 0x01	; 1
     2fc:	0e 94 ba 08 	call	0x1174	; 0x1174 <writeString>
     300:	04 c0       	rjmp	.+8      	; 0x30a <print_mode_name+0x42>
        case MODE_PLAYBACK: writeString("PLAYBACK\r\n"); break;
     302:	83 e2       	ldi	r24, 0x23	; 35
     304:	91 e0       	ldi	r25, 0x01	; 1
     306:	0e 94 ba 08 	call	0x1174	; 0x1174 <writeString>
    }
    writeString("  PC5=ejecutar  PC4=cambiar\r\n");
     30a:	8e e2       	ldi	r24, 0x2E	; 46
     30c:	91 e0       	ldi	r25, 0x01	; 1
     30e:	0e 94 ba 08 	call	0x1174	; 0x1174 <writeString>
}
     312:	cf 91       	pop	r28
     314:	08 95       	ret

00000316 <button_pressed>:
    PORTC |=  (1 << BTN_CHANGE_PIN)  | (1 << BTN_ACTION_PIN);
}

static uint8_t button_pressed(uint8_t pin)
{
    if (!(PINC & (1 << pin)))
     316:	26 b1       	in	r18, 0x06	; 6
     318:	48 2f       	mov	r20, r24
     31a:	30 e0       	ldi	r19, 0x00	; 0
     31c:	08 2e       	mov	r0, r24
     31e:	02 c0       	rjmp	.+4      	; 0x324 <button_pressed+0xe>
     320:	35 95       	asr	r19
     322:	27 95       	ror	r18
     324:	0a 94       	dec	r0
     326:	e2 f7       	brpl	.-8      	; 0x320 <button_pressed+0xa>
     328:	20 fd       	sbrc	r18, 0
     32a:	28 c0       	rjmp	.+80     	; 0x37c <button_pressed+0x66>
	#else
		//round up by default
		__ticks_dc = (uint32_t)(ceil(fabs(__tmp)));
	#endif

	__builtin_avr_delay_cycles(__ticks_dc);
     32c:	2f ef       	ldi	r18, 0xFF	; 255
     32e:	36 e7       	ldi	r19, 0x76	; 118
     330:	61 e0       	ldi	r22, 0x01	; 1
     332:	21 50       	subi	r18, 0x01	; 1
     334:	30 40       	sbci	r19, 0x00	; 0
     336:	60 40       	sbci	r22, 0x00	; 0
     338:	e1 f7       	brne	.-8      	; 0x332 <button_pressed+0x1c>
     33a:	00 c0       	rjmp	.+0      	; 0x33c <button_pressed+0x26>
     33c:	00 00       	nop
    {
        _delay_ms(DEBOUNCE_MS);
        if (!(PINC & (1 << pin)))
     33e:	26 b1       	in	r18, 0x06	; 6
     340:	30 e0       	ldi	r19, 0x00	; 0
     342:	b9 01       	movw	r22, r18
     344:	02 c0       	rjmp	.+4      	; 0x34a <button_pressed+0x34>
     346:	75 95       	asr	r23
     348:	67 95       	ror	r22
     34a:	8a 95       	dec	r24
     34c:	e2 f7       	brpl	.-8      	; 0x346 <button_pressed+0x30>
     34e:	60 fd       	sbrc	r22, 0
     350:	17 c0       	rjmp	.+46     	; 0x380 <button_pressed+0x6a>
        {
            while (!(PINC & (1 << pin)));
     352:	86 b1       	in	r24, 0x06	; 6
     354:	90 e0       	ldi	r25, 0x00	; 0
     356:	04 2e       	mov	r0, r20
     358:	02 c0       	rjmp	.+4      	; 0x35e <button_pressed+0x48>
     35a:	95 95       	asr	r25
     35c:	87 95       	ror	r24
     35e:	0a 94       	dec	r0
     360:	e2 f7       	brpl	.-8      	; 0x35a <button_pressed+0x44>
     362:	80 ff       	sbrs	r24, 0
     364:	f6 cf       	rjmp	.-20     	; 0x352 <button_pressed+0x3c>
     366:	7f ef       	ldi	r23, 0xFF	; 255
     368:	86 e7       	ldi	r24, 0x76	; 118
     36a:	91 e0       	ldi	r25, 0x01	; 1
     36c:	71 50       	subi	r23, 0x01	; 1
     36e:	80 40       	sbci	r24, 0x00	; 0
     370:	90 40       	sbci	r25, 0x00	; 0
     372:	e1 f7       	brne	.-8      	; 0x36c <button_pressed+0x56>
     374:	00 c0       	rjmp	.+0      	; 0x376 <button_pressed+0x60>
     376:	00 00       	nop
            _delay_ms(DEBOUNCE_MS);
            return 1;
     378:	81 e0       	ldi	r24, 0x01	; 1
     37a:	08 95       	ret
        }
    }
    return 0;
     37c:	80 e0       	ldi	r24, 0x00	; 0
     37e:	08 95       	ret
     380:	80 e0       	ldi	r24, 0x00	; 0
}
     382:	08 95       	ret

00000384 <run_mode_adc>:

    writeString("[HOME] OK\r\n");
}

static void run_mode_adc(servo_t *s1, servo_t *s2, servo_t2_t *s3, servo_t0_t *s4)
{
     384:	2f 92       	push	r2
     386:	3f 92       	push	r3
     388:	4f 92       	push	r4
     38a:	5f 92       	push	r5
     38c:	6f 92       	push	r6
     38e:	7f 92       	push	r7
     390:	8f 92       	push	r8
     392:	9f 92       	push	r9
     394:	af 92       	push	r10
     396:	bf 92       	push	r11
     398:	cf 92       	push	r12
     39a:	df 92       	push	r13
     39c:	ef 92       	push	r14
     39e:	ff 92       	push	r15
     3a0:	0f 93       	push	r16
     3a2:	1f 93       	push	r17
     3a4:	cf 93       	push	r28
     3a6:	df 93       	push	r29
     3a8:	3c 01       	movw	r6, r24
     3aa:	4b 01       	movw	r8, r22
     3ac:	1a 01       	movw	r2, r20
     3ae:	29 01       	movw	r4, r18
    uint8_t fb_counter = 0;

    writeString("\r\n[ADC] Activo. PC4 para salir.\r\n");
     3b0:	8c e4       	ldi	r24, 0x4C	; 76
     3b2:	91 e0       	ldi	r25, 0x01	; 1
     3b4:	0e 94 ba 08 	call	0x1174	; 0x1174 <writeString>

    writeString("[HOME] OK\r\n");
}

static void run_mode_adc(servo_t *s1, servo_t *s2, servo_t2_t *s3, servo_t0_t *s4)
{
     3b8:	c0 e0       	ldi	r28, 0x00	; 0

    writeString("\r\n[ADC] Activo. PC4 para salir.\r\n");

    while (1)
    {
        if (button_pressed(BTN_CHANGE_PIN))
     3ba:	84 e0       	ldi	r24, 0x04	; 4
     3bc:	0e 94 8b 01 	call	0x316	; 0x316 <button_pressed>
     3c0:	88 23       	and	r24, r24
     3c2:	29 f0       	breq	.+10     	; 0x3ce <run_mode_adc+0x4a>
        {
            writeString("[ADC] Saliendo...\r\n");
     3c4:	8e e6       	ldi	r24, 0x6E	; 110
     3c6:	91 e0       	ldi	r25, 0x01	; 1
     3c8:	0e 94 ba 08 	call	0x1174	; 0x1174 <writeString>
            enviar_feedback(2, pwm_servo_get_angle(s2));
            enviar_feedback(3, pwm_servo_t2_get_angle(s3));
            enviar_feedback(4, pwm_servo_t0_get_angle(s4));
        }
    }
}
     3cc:	9f c0       	rjmp	.+318    	; 0x50c <__EEPROM_REGION_LENGTH__+0x10c>
        {
            writeString("[ADC] Saliendo...\r\n");
            break;
        }

        pwm_servo_set_angle(s1, (uint8_t)map_value((int32_t)adc_read(0), 0, 1023, SERVO1_MIN_ANGLE, SERVO1_MAX_ANGLE));
     3ce:	80 e0       	ldi	r24, 0x00	; 0
     3d0:	0e 94 9f 00 	call	0x13e	; 0x13e <adc_read>
     3d4:	bc 01       	movw	r22, r24
     3d6:	80 e0       	ldi	r24, 0x00	; 0
     3d8:	90 e0       	ldi	r25, 0x00	; 0
     3da:	1f 92       	push	r1
     3dc:	1f 92       	push	r1
     3de:	1f 92       	push	r1
     3e0:	d4 eb       	ldi	r29, 0xB4	; 180
     3e2:	df 93       	push	r29
     3e4:	a1 2c       	mov	r10, r1
     3e6:	b1 2c       	mov	r11, r1
     3e8:	65 01       	movw	r12, r10
     3ea:	ee 24       	eor	r14, r14
     3ec:	ea 94       	dec	r14
     3ee:	13 e0       	ldi	r17, 0x03	; 3
     3f0:	f1 2e       	mov	r15, r17
     3f2:	00 e0       	ldi	r16, 0x00	; 0
     3f4:	10 e0       	ldi	r17, 0x00	; 0
     3f6:	20 e0       	ldi	r18, 0x00	; 0
     3f8:	30 e0       	ldi	r19, 0x00	; 0
     3fa:	a9 01       	movw	r20, r18
     3fc:	0e 94 b4 00 	call	0x168	; 0x168 <map_value>
     400:	0f 90       	pop	r0
     402:	0f 90       	pop	r0
     404:	0f 90       	pop	r0
     406:	0f 90       	pop	r0
     408:	c3 01       	movw	r24, r6
     40a:	0e 94 d4 07 	call	0xfa8	; 0xfa8 <pwm_servo_set_angle>
        pwm_servo_set_angle(s2, (uint8_t)map_value((int32_t)adc_read(1), 0, 1023, SERVO2_MIN_ANGLE, SERVO2_MAX_ANGLE));
     40e:	81 e0       	ldi	r24, 0x01	; 1
     410:	0e 94 9f 00 	call	0x13e	; 0x13e <adc_read>
     414:	bc 01       	movw	r22, r24
     416:	80 e0       	ldi	r24, 0x00	; 0
     418:	90 e0       	ldi	r25, 0x00	; 0
     41a:	1f 92       	push	r1
     41c:	1f 92       	push	r1
     41e:	1f 92       	push	r1
     420:	df 93       	push	r29
     422:	0f 2e       	mov	r0, r31
     424:	fe e6       	ldi	r31, 0x6E	; 110
     426:	af 2e       	mov	r10, r31
     428:	b1 2c       	mov	r11, r1
     42a:	c1 2c       	mov	r12, r1
     42c:	d1 2c       	mov	r13, r1
     42e:	f0 2d       	mov	r31, r0
     430:	20 e0       	ldi	r18, 0x00	; 0
     432:	30 e0       	ldi	r19, 0x00	; 0
     434:	a9 01       	movw	r20, r18
     436:	0e 94 b4 00 	call	0x168	; 0x168 <map_value>
     43a:	0f 90       	pop	r0
     43c:	0f 90       	pop	r0
     43e:	0f 90       	pop	r0
     440:	0f 90       	pop	r0
     442:	c4 01       	movw	r24, r8
     444:	0e 94 d4 07 	call	0xfa8	; 0xfa8 <pwm_servo_set_angle>
        pwm_servo_t2_set_angle(s3, (uint8_t)map_value((int32_t)adc_read(2), 0, 1023, SERVO3_MIN_ANGLE, SERVO3_MAX_ANGLE));
     448:	82 e0       	ldi	r24, 0x02	; 2
     44a:	0e 94 9f 00 	call	0x13e	; 0x13e <adc_read>
     44e:	bc 01       	movw	r22, r24
     450:	80 e0       	ldi	r24, 0x00	; 0
     452:	90 e0       	ldi	r25, 0x00	; 0
     454:	1f 92       	push	r1
     456:	1f 92       	push	r1
     458:	1f 92       	push	r1
     45a:	20 ea       	ldi	r18, 0xA0	; 160
     45c:	2f 93       	push	r18
     45e:	0f 2e       	mov	r0, r31
     460:	ff e5       	ldi	r31, 0x5F	; 95
     462:	af 2e       	mov	r10, r31
     464:	b1 2c       	mov	r11, r1
     466:	c1 2c       	mov	r12, r1
     468:	d1 2c       	mov	r13, r1
     46a:	f0 2d       	mov	r31, r0
     46c:	20 e0       	ldi	r18, 0x00	; 0
     46e:	30 e0       	ldi	r19, 0x00	; 0
     470:	a9 01       	movw	r20, r18
     472:	0e 94 b4 00 	call	0x168	; 0x168 <map_value>
     476:	0f 90       	pop	r0
     478:	0f 90       	pop	r0
     47a:	0f 90       	pop	r0
     47c:	0f 90       	pop	r0
     47e:	c1 01       	movw	r24, r2
     480:	0e 94 70 08 	call	0x10e0	; 0x10e0 <pwm_servo_t2_set_angle>
        pwm_servo_t0_set_angle(s4, (uint8_t)map_value((int32_t)adc_read(3), 0, 1023, SERVO4_MIN_ANGLE, SERVO4_MAX_ANGLE));
     484:	83 e0       	ldi	r24, 0x03	; 3
     486:	0e 94 9f 00 	call	0x13e	; 0x13e <adc_read>
     48a:	bc 01       	movw	r22, r24
     48c:	80 e0       	ldi	r24, 0x00	; 0
     48e:	90 e0       	ldi	r25, 0x00	; 0
     490:	1f 92       	push	r1
     492:	1f 92       	push	r1
     494:	1f 92       	push	r1
     496:	2a e0       	ldi	r18, 0x0A	; 10
     498:	2f 93       	push	r18
     49a:	a1 2c       	mov	r10, r1
     49c:	b1 2c       	mov	r11, r1
     49e:	65 01       	movw	r12, r10
     4a0:	20 e0       	ldi	r18, 0x00	; 0
     4a2:	30 e0       	ldi	r19, 0x00	; 0
     4a4:	a9 01       	movw	r20, r18
     4a6:	0e 94 b4 00 	call	0x168	; 0x168 <map_value>
     4aa:	0f 90       	pop	r0
     4ac:	0f 90       	pop	r0
     4ae:	0f 90       	pop	r0
     4b0:	0f 90       	pop	r0
     4b2:	c2 01       	movw	r24, r4
     4b4:	0e 94 11 08 	call	0x1022	; 0x1022 <pwm_servo_t0_set_angle>
     4b8:	2f ef       	ldi	r18, 0xFF	; 255
     4ba:	89 ef       	ldi	r24, 0xF9	; 249
     4bc:	90 e0       	ldi	r25, 0x00	; 0
     4be:	21 50       	subi	r18, 0x01	; 1
     4c0:	80 40       	sbci	r24, 0x00	; 0
     4c2:	90 40       	sbci	r25, 0x00	; 0
     4c4:	e1 f7       	brne	.-8      	; 0x4be <__EEPROM_REGION_LENGTH__+0xbe>
     4c6:	00 c0       	rjmp	.+0      	; 0x4c8 <__EEPROM_REGION_LENGTH__+0xc8>
     4c8:	00 00       	nop

        _delay_ms(20);

        fb_counter++;
     4ca:	cf 5f       	subi	r28, 0xFF	; 255
        if (fb_counter >= ADC_FB_INTERVAL)
     4cc:	c9 31       	cpi	r28, 0x19	; 25
     4ce:	08 f4       	brcc	.+2      	; 0x4d2 <__EEPROM_REGION_LENGTH__+0xd2>
     4d0:	74 cf       	rjmp	.-280    	; 0x3ba <run_mode_adc+0x36>
        {
            fb_counter = 0;
            enviar_feedback(1, pwm_servo_get_angle(s1));
     4d2:	c3 01       	movw	r24, r6
     4d4:	0e 94 f0 07 	call	0xfe0	; 0xfe0 <pwm_servo_get_angle>
     4d8:	68 2f       	mov	r22, r24
     4da:	81 e0       	ldi	r24, 0x01	; 1
     4dc:	0e 94 f5 00 	call	0x1ea	; 0x1ea <enviar_feedback>
            enviar_feedback(2, pwm_servo_get_angle(s2));
     4e0:	c4 01       	movw	r24, r8
     4e2:	0e 94 f0 07 	call	0xfe0	; 0xfe0 <pwm_servo_get_angle>
     4e6:	68 2f       	mov	r22, r24
     4e8:	82 e0       	ldi	r24, 0x02	; 2
     4ea:	0e 94 f5 00 	call	0x1ea	; 0x1ea <enviar_feedback>
            enviar_feedback(3, pwm_servo_t2_get_angle(s3));
     4ee:	c1 01       	movw	r24, r2
     4f0:	0e 94 9b 08 	call	0x1136	; 0x1136 <pwm_servo_t2_get_angle>
     4f4:	68 2f       	mov	r22, r24
     4f6:	83 e0       	ldi	r24, 0x03	; 3
     4f8:	0e 94 f5 00 	call	0x1ea	; 0x1ea <enviar_feedback>
            enviar_feedback(4, pwm_servo_t0_get_angle(s4));
     4fc:	c2 01       	movw	r24, r4
     4fe:	0e 94 39 08 	call	0x1072	; 0x1072 <pwm_servo_t0_get_angle>
     502:	68 2f       	mov	r22, r24
     504:	84 e0       	ldi	r24, 0x04	; 4
     506:	0e 94 f5 00 	call	0x1ea	; 0x1ea <enviar_feedback>
     50a:	56 cf       	rjmp	.-340    	; 0x3b8 <run_mode_adc+0x34>
        }
    }
}
     50c:	df 91       	pop	r29
     50e:	cf 91       	pop	r28
     510:	1f 91       	pop	r17
     512:	0f 91       	pop	r16
     514:	ff 90       	pop	r15
     516:	ef 90       	pop	r14
     518:	df 90       	pop	r13
     51a:	cf 90       	pop	r12
     51c:	bf 90       	pop	r11
     51e:	af 90       	pop	r10
     520:	9f 90       	pop	r9
     522:	8f 90       	pop	r8
     524:	7f 90       	pop	r7
     526:	6f 90       	pop	r6
     528:	5f 90       	pop	r5
     52a:	4f 90       	pop	r4
     52c:	3f 90       	pop	r3
     52e:	2f 90       	pop	r2
     530:	08 95       	ret

00000532 <move_to_home>:

    writeString(buf);
}

static void move_to_home(servo_t *s1, servo_t *s2, servo_t2_t *s3, servo_t0_t *s4)
{
     532:	7f 92       	push	r7
     534:	8f 92       	push	r8
     536:	9f 92       	push	r9
     538:	af 92       	push	r10
     53a:	bf 92       	push	r11
     53c:	cf 92       	push	r12
     53e:	df 92       	push	r13
     540:	ef 92       	push	r14
     542:	ff 92       	push	r15
     544:	0f 93       	push	r16
     546:	1f 93       	push	r17
     548:	cf 93       	push	r28
     54a:	df 93       	push	r29
     54c:	4c 01       	movw	r8, r24
     54e:	5b 01       	movw	r10, r22
     550:	6a 01       	movw	r12, r20
     552:	79 01       	movw	r14, r18
    writeString("\r\n[HOME] Moviendo a posicion segura...\r\n");
     554:	82 e8       	ldi	r24, 0x82	; 130
     556:	91 e0       	ldi	r25, 0x01	; 1
     558:	0e 94 ba 08 	call	0x1174	; 0x1174 <writeString>

    uint8_t a1 = pwm_servo_get_angle(s1);
     55c:	c4 01       	movw	r24, r8
     55e:	0e 94 f0 07 	call	0xfe0	; 0xfe0 <pwm_servo_get_angle>
     562:	78 2e       	mov	r7, r24
    uint8_t a2 = pwm_servo_get_angle(s2);
     564:	c5 01       	movw	r24, r10
     566:	0e 94 f0 07 	call	0xfe0	; 0xfe0 <pwm_servo_get_angle>
     56a:	18 2f       	mov	r17, r24
    uint8_t a3 = pwm_servo_t2_get_angle(s3);
     56c:	c6 01       	movw	r24, r12
     56e:	0e 94 9b 08 	call	0x1136	; 0x1136 <pwm_servo_t2_get_angle>
     572:	d8 2f       	mov	r29, r24
    uint8_t a4 = pwm_servo_t0_get_angle(s4);
     574:	c7 01       	movw	r24, r14
     576:	0e 94 39 08 	call	0x1072	; 0x1072 <pwm_servo_t0_get_angle>
     57a:	c8 2f       	mov	r28, r24
    uint8_t done = 0;
     57c:	00 e0       	ldi	r16, 0x00	; 0

    while (!done)
     57e:	37 c0       	rjmp	.+110    	; 0x5ee <move_to_home+0xbc>
    {
        done = 1;

        if (a1 < SERVO1_HOME_ANGLE)      { a1++; done = 0; }
        else if (a1 > SERVO1_HOME_ANGLE) { a1--; done = 0; }
     580:	77 20       	and	r7, r7
     582:	19 f0       	breq	.+6      	; 0x58a <move_to_home+0x58>
     584:	7a 94       	dec	r7
     586:	80 2f       	mov	r24, r16
     588:	01 c0       	rjmp	.+2      	; 0x58c <move_to_home+0x5a>
    uint8_t a4 = pwm_servo_t0_get_angle(s4);
    uint8_t done = 0;

    while (!done)
    {
        done = 1;
     58a:	81 e0       	ldi	r24, 0x01	; 1

        if (a1 < SERVO1_HOME_ANGLE)      { a1++; done = 0; }
        else if (a1 > SERVO1_HOME_ANGLE) { a1--; done = 0; }
        if (a2 < SERVO2_HOME_ANGLE)      { a2++; done = 0; }
     58c:	15 3a       	cpi	r17, 0xA5	; 165
     58e:	18 f4       	brcc	.+6      	; 0x596 <move_to_home+0x64>
     590:	1f 5f       	subi	r17, 0xFF	; 255
     592:	80 2f       	mov	r24, r16
     594:	04 c0       	rjmp	.+8      	; 0x59e <move_to_home+0x6c>
        else if (a2 > SERVO2_HOME_ANGLE) { a2--; done = 0; }
     596:	16 3a       	cpi	r17, 0xA6	; 166
     598:	10 f0       	brcs	.+4      	; 0x59e <move_to_home+0x6c>
     59a:	11 50       	subi	r17, 0x01	; 1
     59c:	80 2f       	mov	r24, r16
        if (a3 < SERVO3_HOME_ANGLE)      { a3++; done = 0; }
     59e:	d6 39       	cpi	r29, 0x96	; 150
     5a0:	18 f4       	brcc	.+6      	; 0x5a8 <move_to_home+0x76>
     5a2:	df 5f       	subi	r29, 0xFF	; 255
     5a4:	80 2f       	mov	r24, r16
     5a6:	04 c0       	rjmp	.+8      	; 0x5b0 <move_to_home+0x7e>
        else if (a3 > SERVO3_HOME_ANGLE) { a3--; done = 0; }
     5a8:	d7 39       	cpi	r29, 0x97	; 151
     5aa:	10 f0       	brcs	.+4      	; 0x5b0 <move_to_home+0x7e>
     5ac:	d1 50       	subi	r29, 0x01	; 1
     5ae:	80 2f       	mov	r24, r16
        if (a4 < SERVO4_HOME_ANGLE)      { a4++; done = 0; }
     5b0:	c5 30       	cpi	r28, 0x05	; 5
     5b2:	10 f4       	brcc	.+4      	; 0x5b8 <move_to_home+0x86>
     5b4:	cf 5f       	subi	r28, 0xFF	; 255
     5b6:	05 c0       	rjmp	.+10     	; 0x5c2 <move_to_home+0x90>
        else if (a4 > SERVO4_HOME_ANGLE) { a4--; done = 0; }
     5b8:	c6 30       	cpi	r28, 0x06	; 6
     5ba:	10 f0       	brcs	.+4      	; 0x5c0 <move_to_home+0x8e>
     5bc:	c1 50       	subi	r28, 0x01	; 1
     5be:	01 c0       	rjmp	.+2      	; 0x5c2 <move_to_home+0x90>
     5c0:	08 2f       	mov	r16, r24

        pwm_servo_set_angle(s1, a1);
     5c2:	67 2d       	mov	r22, r7
     5c4:	c4 01       	movw	r24, r8
     5c6:	0e 94 d4 07 	call	0xfa8	; 0xfa8 <pwm_servo_set_angle>
        pwm_servo_set_angle(s2, a2);
     5ca:	61 2f       	mov	r22, r17
     5cc:	c5 01       	movw	r24, r10
     5ce:	0e 94 d4 07 	call	0xfa8	; 0xfa8 <pwm_servo_set_angle>
        pwm_servo_t2_set_angle(s3, a3);
     5d2:	6d 2f       	mov	r22, r29
     5d4:	c6 01       	movw	r24, r12
     5d6:	0e 94 70 08 	call	0x10e0	; 0x10e0 <pwm_servo_t2_set_angle>
        pwm_servo_t0_set_angle(s4, a4);
     5da:	6c 2f       	mov	r22, r28
     5dc:	c7 01       	movw	r24, r14
     5de:	0e 94 11 08 	call	0x1022	; 0x1022 <pwm_servo_t0_set_angle>
     5e2:	8f e3       	ldi	r24, 0x3F	; 63
     5e4:	9c e9       	ldi	r25, 0x9C	; 156
     5e6:	01 97       	sbiw	r24, 0x01	; 1
     5e8:	f1 f7       	brne	.-4      	; 0x5e6 <move_to_home+0xb4>
     5ea:	00 c0       	rjmp	.+0      	; 0x5ec <move_to_home+0xba>
     5ec:	00 00       	nop
    uint8_t a2 = pwm_servo_get_angle(s2);
    uint8_t a3 = pwm_servo_t2_get_angle(s3);
    uint8_t a4 = pwm_servo_t0_get_angle(s4);
    uint8_t done = 0;

    while (!done)
     5ee:	00 23       	and	r16, r16
     5f0:	39 f2       	breq	.-114    	; 0x580 <move_to_home+0x4e>
        pwm_servo_t0_set_angle(s4, a4);

        _delay_ms(PLAYBACK_STEP_DELAY_MS);
    }

    writeString("[HOME] OK\r\n");
     5f2:	8b ea       	ldi	r24, 0xAB	; 171
     5f4:	91 e0       	ldi	r25, 0x01	; 1
     5f6:	0e 94 ba 08 	call	0x1174	; 0x1174 <writeString>
}
     5fa:	df 91       	pop	r29
     5fc:	cf 91       	pop	r28
     5fe:	1f 91       	pop	r17
     600:	0f 91       	pop	r16
     602:	ff 90       	pop	r15
     604:	ef 90       	pop	r14
     606:	df 90       	pop	r13
     608:	cf 90       	pop	r12
     60a:	bf 90       	pop	r11
     60c:	af 90       	pop	r10
     60e:	9f 90       	pop	r9
     610:	8f 90       	pop	r8
     612:	7f 90       	pop	r7
     614:	08 95       	ret

00000616 <procesar_comando_directo>:

    writeString("[PLAYBACK] Reproduccion finalizada.\r\n");
}

static void procesar_comando_directo(char *cmd, servo_t *s1, servo_t *s2, servo_t2_t *s3, servo_t0_t *s4)
{
     616:	af 92       	push	r10
     618:	bf 92       	push	r11
     61a:	cf 92       	push	r12
     61c:	df 92       	push	r13
     61e:	ef 92       	push	r14
     620:	ff 92       	push	r15
     622:	0f 93       	push	r16
     624:	1f 93       	push	r17
     626:	cf 93       	push	r28
     628:	df 93       	push	r29
     62a:	6b 01       	movw	r12, r22
     62c:	7a 01       	movw	r14, r20
     62e:	59 01       	movw	r10, r18
    if (strlen(cmd) < 4) { writeString("\r\nComando invalido\r\n"); return; }
     630:	fc 01       	movw	r30, r24
     632:	01 90       	ld	r0, Z+
     634:	00 20       	and	r0, r0
     636:	e9 f7       	brne	.-6      	; 0x632 <procesar_comando_directo+0x1c>
     638:	31 97       	sbiw	r30, 0x01	; 1
     63a:	e8 1b       	sub	r30, r24
     63c:	f9 0b       	sbc	r31, r25
     63e:	34 97       	sbiw	r30, 0x04	; 4
     640:	28 f4       	brcc	.+10     	; 0x64c <procesar_comando_directo+0x36>
     642:	87 eb       	ldi	r24, 0xB7	; 183
     644:	91 e0       	ldi	r25, 0x01	; 1
     646:	0e 94 ba 08 	call	0x1174	; 0x1174 <writeString>
     64a:	61 c0       	rjmp	.+194    	; 0x70e <procesar_comando_directo+0xf8>
    if (cmd[0] != 'S')   { writeString("\r\nFormato invalido\r\n"); return; }
     64c:	fc 01       	movw	r30, r24
     64e:	20 81       	ld	r18, Z
     650:	23 35       	cpi	r18, 0x53	; 83
     652:	29 f0       	breq	.+10     	; 0x65e <procesar_comando_directo+0x48>
     654:	8c ec       	ldi	r24, 0xCC	; 204
     656:	91 e0       	ldi	r25, 0x01	; 1
     658:	0e 94 ba 08 	call	0x1174	; 0x1174 <writeString>
     65c:	58 c0       	rjmp	.+176    	; 0x70e <procesar_comando_directo+0xf8>

    uint8_t servo_id = cmd[1] - '0';
     65e:	fc 01       	movw	r30, r24
     660:	21 81       	ldd	r18, Z+1	; 0x01
     662:	d0 ed       	ldi	r29, 0xD0	; 208
     664:	d2 0f       	add	r29, r18
    char   *ptr      = strchr(cmd, ':');
     666:	6a e3       	ldi	r22, 0x3A	; 58
     668:	70 e0       	ldi	r23, 0x00	; 0
     66a:	0e 94 50 09 	call	0x12a0	; 0x12a0 <strchr>

    if (ptr == NULL) { writeString("\r\nFalta ':'\r\n"); return; }
     66e:	00 97       	sbiw	r24, 0x00	; 0
     670:	29 f4       	brne	.+10     	; 0x67c <procesar_comando_directo+0x66>
     672:	81 ee       	ldi	r24, 0xE1	; 225
     674:	91 e0       	ldi	r25, 0x01	; 1
     676:	0e 94 ba 08 	call	0x1174	; 0x1174 <writeString>
     67a:	49 c0       	rjmp	.+146    	; 0x70e <procesar_comando_directo+0xf8>

    ptr++;
    uint8_t angulo = (uint8_t)atoi(ptr);
     67c:	01 96       	adiw	r24, 0x01	; 1
     67e:	0e 94 32 09 	call	0x1264	; 0x1264 <atoi>
     682:	c8 2f       	mov	r28, r24

    switch (servo_id)
     684:	d2 30       	cpi	r29, 0x02	; 2
     686:	a9 f0       	breq	.+42     	; 0x6b2 <procesar_comando_directo+0x9c>
     688:	18 f4       	brcc	.+6      	; 0x690 <procesar_comando_directo+0x7a>
     68a:	d1 30       	cpi	r29, 0x01	; 1
     68c:	31 f0       	breq	.+12     	; 0x69a <procesar_comando_directo+0x84>
     68e:	3b c0       	rjmp	.+118    	; 0x706 <procesar_comando_directo+0xf0>
     690:	d3 30       	cpi	r29, 0x03	; 3
     692:	f1 f0       	breq	.+60     	; 0x6d0 <procesar_comando_directo+0xba>
     694:	d4 30       	cpi	r29, 0x04	; 4
     696:	59 f1       	breq	.+86     	; 0x6ee <procesar_comando_directo+0xd8>
     698:	36 c0       	rjmp	.+108    	; 0x706 <procesar_comando_directo+0xf0>
    {
        case 1:
            if (angulo < SERVO1_MIN_ANGLE) angulo = SERVO1_MIN_ANGLE;
            if (angulo > SERVO1_MAX_ANGLE) angulo = SERVO1_MAX_ANGLE;
     69a:	85 3b       	cpi	r24, 0xB5	; 181
     69c:	08 f0       	brcs	.+2      	; 0x6a0 <procesar_comando_directo+0x8a>
     69e:	c4 eb       	ldi	r28, 0xB4	; 180
            pwm_servo_set_angle(s1, angulo);
     6a0:	6c 2f       	mov	r22, r28
     6a2:	c6 01       	movw	r24, r12
     6a4:	0e 94 d4 07 	call	0xfa8	; 0xfa8 <pwm_servo_set_angle>
            enviar_feedback(1, angulo);
     6a8:	6c 2f       	mov	r22, r28
     6aa:	81 e0       	ldi	r24, 0x01	; 1
     6ac:	0e 94 f5 00 	call	0x1ea	; 0x1ea <enviar_feedback>
            break;
     6b0:	2e c0       	rjmp	.+92     	; 0x70e <procesar_comando_directo+0xf8>
        case 2:
            if (angulo < SERVO2_MIN_ANGLE) angulo = SERVO2_MIN_ANGLE;
     6b2:	8e 36       	cpi	r24, 0x6E	; 110
     6b4:	08 f4       	brcc	.+2      	; 0x6b8 <procesar_comando_directo+0xa2>
     6b6:	ce e6       	ldi	r28, 0x6E	; 110
            if (angulo > SERVO2_MAX_ANGLE) angulo = SERVO2_MAX_ANGLE;
     6b8:	c5 3b       	cpi	r28, 0xB5	; 181
     6ba:	08 f0       	brcs	.+2      	; 0x6be <procesar_comando_directo+0xa8>
     6bc:	c4 eb       	ldi	r28, 0xB4	; 180
            pwm_servo_set_angle(s2, angulo);
     6be:	6c 2f       	mov	r22, r28
     6c0:	c7 01       	movw	r24, r14
     6c2:	0e 94 d4 07 	call	0xfa8	; 0xfa8 <pwm_servo_set_angle>
            enviar_feedback(2, angulo);
     6c6:	6c 2f       	mov	r22, r28
     6c8:	82 e0       	ldi	r24, 0x02	; 2
     6ca:	0e 94 f5 00 	call	0x1ea	; 0x1ea <enviar_feedback>
            break;
     6ce:	1f c0       	rjmp	.+62     	; 0x70e <procesar_comando_directo+0xf8>
        case 3:
            if (angulo < SERVO3_MIN_ANGLE) angulo = SERVO3_MIN_ANGLE;
     6d0:	8f 35       	cpi	r24, 0x5F	; 95
     6d2:	08 f4       	brcc	.+2      	; 0x6d6 <procesar_comando_directo+0xc0>
     6d4:	cf e5       	ldi	r28, 0x5F	; 95
            if (angulo > SERVO3_MAX_ANGLE) angulo = SERVO3_MAX_ANGLE;
     6d6:	c1 3a       	cpi	r28, 0xA1	; 161
     6d8:	08 f0       	brcs	.+2      	; 0x6dc <procesar_comando_directo+0xc6>
     6da:	c0 ea       	ldi	r28, 0xA0	; 160
            pwm_servo_t2_set_angle(s3, angulo);
     6dc:	6c 2f       	mov	r22, r28
     6de:	c5 01       	movw	r24, r10
     6e0:	0e 94 70 08 	call	0x10e0	; 0x10e0 <pwm_servo_t2_set_angle>
            enviar_feedback(3, angulo);
     6e4:	6c 2f       	mov	r22, r28
     6e6:	83 e0       	ldi	r24, 0x03	; 3
     6e8:	0e 94 f5 00 	call	0x1ea	; 0x1ea <enviar_feedback>
            break;
     6ec:	10 c0       	rjmp	.+32     	; 0x70e <procesar_comando_directo+0xf8>
        case 4:
            if (angulo < SERVO4_MIN_ANGLE) angulo = SERVO4_MIN_ANGLE;
            if (angulo > SERVO4_MAX_ANGLE) angulo = SERVO4_MAX_ANGLE;
     6ee:	8b 30       	cpi	r24, 0x0B	; 11
     6f0:	08 f0       	brcs	.+2      	; 0x6f4 <procesar_comando_directo+0xde>
     6f2:	ca e0       	ldi	r28, 0x0A	; 10
            pwm_servo_t0_set_angle(s4, angulo);
     6f4:	6c 2f       	mov	r22, r28
     6f6:	c8 01       	movw	r24, r16
     6f8:	0e 94 11 08 	call	0x1022	; 0x1022 <pwm_servo_t0_set_angle>
            enviar_feedback(4, angulo);
     6fc:	6c 2f       	mov	r22, r28
     6fe:	84 e0       	ldi	r24, 0x04	; 4
     700:	0e 94 f5 00 	call	0x1ea	; 0x1ea <enviar_feedback>
            break;
     704:	04 c0       	rjmp	.+8      	; 0x70e <procesar_comando_directo+0xf8>
        default:
            writeString("\r\nServo invalido (1-4)\r\n");
     706:	8f ee       	ldi	r24, 0xEF	; 239
     708:	91 e0       	ldi	r25, 0x01	; 1
     70a:	0e 94 ba 08 	call	0x1174	; 0x1174 <writeString>
            break;
    }
}
     70e:	df 91       	pop	r29
     710:	cf 91       	pop	r28
     712:	1f 91       	pop	r17
     714:	0f 91       	pop	r16
     716:	ff 90       	pop	r15
     718:	ef 90       	pop	r14
     71a:	df 90       	pop	r13
     71c:	cf 90       	pop	r12
     71e:	bf 90       	pop	r11
     720:	af 90       	pop	r10
     722:	08 95       	ret

00000724 <run_mode_serial>:
        }
    }
}

static void run_mode_serial(servo_t *s1, servo_t *s2, servo_t2_t *s3, servo_t0_t *s4)
{
     724:	8f 92       	push	r8
     726:	9f 92       	push	r9
     728:	af 92       	push	r10
     72a:	bf 92       	push	r11
     72c:	cf 92       	push	r12
     72e:	df 92       	push	r13
     730:	ef 92       	push	r14
     732:	ff 92       	push	r15
     734:	0f 93       	push	r16
     736:	1f 93       	push	r17
     738:	cf 93       	push	r28
     73a:	df 93       	push	r29
     73c:	cd b7       	in	r28, 0x3d	; 61
     73e:	de b7       	in	r29, 0x3e	; 62
     740:	64 97       	sbiw	r28, 0x14	; 20
     742:	0f b6       	in	r0, 0x3f	; 63
     744:	f8 94       	cli
     746:	de bf       	out	0x3e, r29	; 62
     748:	0f be       	out	0x3f, r0	; 63
     74a:	cd bf       	out	0x3d, r28	; 61
     74c:	4c 01       	movw	r8, r24
     74e:	5b 01       	movw	r10, r22
     750:	6a 01       	movw	r12, r20
     752:	79 01       	movw	r14, r18
    char    buffer[20];
    uint8_t index = 0;

    writeString("\r\n[SERIAL] S1:0-180 S2:110-180 S3:95-160 S4:0-10\r\n");
     754:	88 e0       	ldi	r24, 0x08	; 8
     756:	92 e0       	ldi	r25, 0x02	; 2
     758:	0e 94 ba 08 	call	0x1174	; 0x1174 <writeString>
    writeString("         'q' o PC4 para salir.\r\n");
     75c:	8b e3       	ldi	r24, 0x3B	; 59
     75e:	92 e0       	ldi	r25, 0x02	; 2
     760:	0e 94 ba 08 	call	0x1174	; 0x1174 <writeString>
}

static void run_mode_serial(servo_t *s1, servo_t *s2, servo_t2_t *s3, servo_t0_t *s4)
{
    char    buffer[20];
    uint8_t index = 0;
     764:	00 e0       	ldi	r16, 0x00	; 0
    writeString("\r\n[SERIAL] S1:0-180 S2:110-180 S3:95-160 S4:0-10\r\n");
    writeString("         'q' o PC4 para salir.\r\n");

    while (1)
    {
        if (button_pressed(BTN_CHANGE_PIN))
     766:	84 e0       	ldi	r24, 0x04	; 4
     768:	0e 94 8b 01 	call	0x316	; 0x316 <button_pressed>
     76c:	88 23       	and	r24, r24
     76e:	29 f0       	breq	.+10     	; 0x77a <run_mode_serial+0x56>
        {
            writeString("\r\n[SERIAL] Saliendo...\r\n");
     770:	8c e5       	ldi	r24, 0x5C	; 92
     772:	92 e0       	ldi	r25, 0x02	; 2
     774:	0e 94 ba 08 	call	0x1174	; 0x1174 <writeString>
            break;
     778:	3e c0       	rjmp	.+124    	; 0x7f6 <run_mode_serial+0xd2>
        }

        if (ExisteDato)
     77a:	80 91 49 05 	lds	r24, 0x0549	; 0x800549 <ExisteDato>
     77e:	88 23       	and	r24, r24
     780:	91 f3       	breq	.-28     	; 0x766 <run_mode_serial+0x42>
        {
            char c = (char)datoRX;
     782:	10 91 4a 05 	lds	r17, 0x054A	; 0x80054a <datoRX>
            ExisteDato = 0;
     786:	10 92 49 05 	sts	0x0549, r1	; 0x800549 <ExisteDato>
            writeChar(c);
     78a:	81 2f       	mov	r24, r17
     78c:	0e 94 b3 08 	call	0x1166	; 0x1166 <writeChar>

            if (c == '\r')
     790:	1d 30       	cpi	r17, 0x0D	; 13
     792:	31 f5       	brne	.+76     	; 0x7e0 <run_mode_serial+0xbc>
            {
                buffer[index] = '\0';
     794:	e1 e0       	ldi	r30, 0x01	; 1
     796:	f0 e0       	ldi	r31, 0x00	; 0
     798:	ec 0f       	add	r30, r28
     79a:	fd 1f       	adc	r31, r29
     79c:	e0 0f       	add	r30, r16
     79e:	f1 1d       	adc	r31, r1
     7a0:	10 82       	st	Z, r1

                if (strcmp(buffer, "q") == 0 || strcmp(buffer, "Q") == 0)
     7a2:	65 e7       	ldi	r22, 0x75	; 117
     7a4:	72 e0       	ldi	r23, 0x02	; 2
     7a6:	ce 01       	movw	r24, r28
     7a8:	01 96       	adiw	r24, 0x01	; 1
     7aa:	0e 94 5b 09 	call	0x12b6	; 0x12b6 <strcmp>
     7ae:	89 2b       	or	r24, r25
     7b0:	41 f0       	breq	.+16     	; 0x7c2 <run_mode_serial+0x9e>
     7b2:	67 e7       	ldi	r22, 0x77	; 119
     7b4:	72 e0       	ldi	r23, 0x02	; 2
     7b6:	ce 01       	movw	r24, r28
     7b8:	01 96       	adiw	r24, 0x01	; 1
     7ba:	0e 94 5b 09 	call	0x12b6	; 0x12b6 <strcmp>
     7be:	89 2b       	or	r24, r25
     7c0:	29 f4       	brne	.+10     	; 0x7cc <run_mode_serial+0xa8>
                {
                    writeString("\r\n[SERIAL] Saliendo...\r\n");
     7c2:	8c e5       	ldi	r24, 0x5C	; 92
     7c4:	92 e0       	ldi	r25, 0x02	; 2
     7c6:	0e 94 ba 08 	call	0x1174	; 0x1174 <writeString>
                    break;
     7ca:	15 c0       	rjmp	.+42     	; 0x7f6 <run_mode_serial+0xd2>
                }

                procesar_comando_directo(buffer, s1, s2, s3, s4);
     7cc:	87 01       	movw	r16, r14
     7ce:	96 01       	movw	r18, r12
     7d0:	a5 01       	movw	r20, r10
     7d2:	b4 01       	movw	r22, r8
     7d4:	ce 01       	movw	r24, r28
     7d6:	01 96       	adiw	r24, 0x01	; 1
     7d8:	0e 94 0b 03 	call	0x616	; 0x616 <procesar_comando_directo>
                index = 0;
     7dc:	00 e0       	ldi	r16, 0x00	; 0
     7de:	c3 cf       	rjmp	.-122    	; 0x766 <run_mode_serial+0x42>
            }
            else if (index < sizeof(buffer) - 1)
     7e0:	03 31       	cpi	r16, 0x13	; 19
     7e2:	08 f6       	brcc	.-126    	; 0x766 <run_mode_serial+0x42>
            {
                buffer[index++] = c;
     7e4:	e1 e0       	ldi	r30, 0x01	; 1
     7e6:	f0 e0       	ldi	r31, 0x00	; 0
     7e8:	ec 0f       	add	r30, r28
     7ea:	fd 1f       	adc	r31, r29
     7ec:	e0 0f       	add	r30, r16
     7ee:	f1 1d       	adc	r31, r1
     7f0:	10 83       	st	Z, r17
     7f2:	0f 5f       	subi	r16, 0xFF	; 255
     7f4:	b8 cf       	rjmp	.-144    	; 0x766 <run_mode_serial+0x42>
            }
        }
    }
}
     7f6:	64 96       	adiw	r28, 0x14	; 20
     7f8:	0f b6       	in	r0, 0x3f	; 63
     7fa:	f8 94       	cli
     7fc:	de bf       	out	0x3e, r29	; 62
     7fe:	0f be       	out	0x3f, r0	; 63
     800:	cd bf       	out	0x3d, r28	; 61
     802:	df 91       	pop	r29
     804:	cf 91       	pop	r28
     806:	1f 91       	pop	r17
     808:	0f 91       	pop	r16
     80a:	ff 90       	pop	r15
     80c:	ef 90       	pop	r14
     80e:	df 90       	pop	r13
     810:	cf 90       	pop	r12
     812:	bf 90       	pop	r11
     814:	af 90       	pop	r10
     816:	9f 90       	pop	r9
     818:	8f 90       	pop	r8
     81a:	08 95       	ret

0000081c <run_mode_record>:

static void run_mode_record(servo_t *s1, servo_t *s2, servo_t2_t *s3, servo_t0_t *s4)
{
     81c:	2f 92       	push	r2
     81e:	3f 92       	push	r3
     820:	4f 92       	push	r4
     822:	5f 92       	push	r5
     824:	6f 92       	push	r6
     826:	7f 92       	push	r7
     828:	8f 92       	push	r8
     82a:	9f 92       	push	r9
     82c:	af 92       	push	r10
     82e:	bf 92       	push	r11
     830:	cf 92       	push	r12
     832:	df 92       	push	r13
     834:	ef 92       	push	r14
     836:	ff 92       	push	r15
     838:	0f 93       	push	r16
     83a:	1f 93       	push	r17
     83c:	cf 93       	push	r28
     83e:	df 93       	push	r29
     840:	cd b7       	in	r28, 0x3d	; 61
     842:	de b7       	in	r29, 0x3e	; 62
     844:	60 97       	sbiw	r28, 0x10	; 16
     846:	0f b6       	in	r0, 0x3f	; 63
     848:	f8 94       	cli
     84a:	de bf       	out	0x3e, r29	; 62
     84c:	0f be       	out	0x3f, r0	; 63
     84e:	cd bf       	out	0x3d, r28	; 61
     850:	9a 87       	std	Y+10, r25	; 0x0a
     852:	89 87       	std	Y+9, r24	; 0x09
     854:	7c 87       	std	Y+12, r23	; 0x0c
     856:	6b 87       	std	Y+11, r22	; 0x0b
     858:	5e 87       	std	Y+14, r21	; 0x0e
     85a:	4d 87       	std	Y+13, r20	; 0x0d
     85c:	38 8b       	std	Y+16, r19	; 0x10
     85e:	2f 87       	std	Y+15, r18	; 0x0f
	writeString("\r\n[RECORD] Mueve pots. PC5=guardar pose. PC4=salir.\r\n");
     860:	89 e7       	ldi	r24, 0x79	; 121
     862:	92 e0       	ldi	r25, 0x02	; 2
     864:	0e 94 ba 08 	call	0x1174	; 0x1174 <writeString>
	writeString("[RECORD] Max 4 keyframes. LED PB5 parpadea mientras graba.\r\n");
     868:	8f ea       	ldi	r24, 0xAF	; 175
     86a:	92 e0       	ldi	r25, 0x02	; 2
     86c:	0e 94 ba 08 	call	0x1174	; 0x1174 <writeString>

	// Borrar todos los keyframes anteriores al entrar al modo
	for (uint8_t i = 0; i < MAX_KEYFRAMES; i++)
     870:	10 e0       	ldi	r17, 0x00	; 0
     872:	0a c0       	rjmp	.+20     	; 0x888 <run_mode_record+0x6c>
	{
		uint16_t addr = KEYFRAME_BASE_ADDR + ((uint16_t)i * KEYFRAME_SIZE);
     874:	81 2f       	mov	r24, r17
     876:	90 e0       	ldi	r25, 0x00	; 0
		eepromWrite(addr, EEPROM_EMPTY_MARKER);
     878:	6f ef       	ldi	r22, 0xFF	; 255
     87a:	88 0f       	add	r24, r24
     87c:	99 1f       	adc	r25, r25
     87e:	88 0f       	add	r24, r24
     880:	99 1f       	adc	r25, r25
     882:	0e 94 53 00 	call	0xa6	; 0xa6 <eepromWrite>
{
	writeString("\r\n[RECORD] Mueve pots. PC5=guardar pose. PC4=salir.\r\n");
	writeString("[RECORD] Max 4 keyframes. LED PB5 parpadea mientras graba.\r\n");

	// Borrar todos los keyframes anteriores al entrar al modo
	for (uint8_t i = 0; i < MAX_KEYFRAMES; i++)
     886:	1f 5f       	subi	r17, 0xFF	; 255
     888:	14 30       	cpi	r17, 0x04	; 4
     88a:	a0 f3       	brcs	.-24     	; 0x874 <run_mode_record+0x58>
     88c:	41 2c       	mov	r4, r1
     88e:	61 2c       	mov	r6, r1
     890:	71 2c       	mov	r7, r1
     892:	31 2c       	mov	r3, r1
     894:	51 2c       	mov	r5, r1
	uint16_t blink_counter  = 0;
	uint8_t  eeprom_llena   = 0;

	while (1)
	{
		uint8_t angle1 = (uint8_t)map_value((int32_t)adc_read(0), 0, 1023, SERVO1_MIN_ANGLE, SERVO1_MAX_ANGLE);
     896:	80 e0       	ldi	r24, 0x00	; 0
     898:	0e 94 9f 00 	call	0x13e	; 0x13e <adc_read>
     89c:	bc 01       	movw	r22, r24
     89e:	80 e0       	ldi	r24, 0x00	; 0
     8a0:	90 e0       	ldi	r25, 0x00	; 0
     8a2:	1f 92       	push	r1
     8a4:	1f 92       	push	r1
     8a6:	1f 92       	push	r1
     8a8:	0f 2e       	mov	r0, r31
     8aa:	f4 eb       	ldi	r31, 0xB4	; 180
     8ac:	9f 2e       	mov	r9, r31
     8ae:	f0 2d       	mov	r31, r0
     8b0:	9f 92       	push	r9
     8b2:	a1 2c       	mov	r10, r1
     8b4:	b1 2c       	mov	r11, r1
     8b6:	65 01       	movw	r12, r10
     8b8:	ee 24       	eor	r14, r14
     8ba:	ea 94       	dec	r14
     8bc:	13 e0       	ldi	r17, 0x03	; 3
     8be:	f1 2e       	mov	r15, r17
     8c0:	00 e0       	ldi	r16, 0x00	; 0
     8c2:	10 e0       	ldi	r17, 0x00	; 0
     8c4:	20 e0       	ldi	r18, 0x00	; 0
     8c6:	30 e0       	ldi	r19, 0x00	; 0
     8c8:	a9 01       	movw	r20, r18
     8ca:	0e 94 b4 00 	call	0x168	; 0x168 <map_value>
     8ce:	0f 90       	pop	r0
     8d0:	0f 90       	pop	r0
     8d2:	0f 90       	pop	r0
     8d4:	0f 90       	pop	r0
     8d6:	26 2e       	mov	r2, r22
		uint8_t angle2 = (uint8_t)map_value((int32_t)adc_read(1), 0, 1023, SERVO2_MIN_ANGLE, SERVO2_MAX_ANGLE);
     8d8:	81 e0       	ldi	r24, 0x01	; 1
     8da:	0e 94 9f 00 	call	0x13e	; 0x13e <adc_read>
     8de:	bc 01       	movw	r22, r24
     8e0:	80 e0       	ldi	r24, 0x00	; 0
     8e2:	90 e0       	ldi	r25, 0x00	; 0
     8e4:	1f 92       	push	r1
     8e6:	1f 92       	push	r1
     8e8:	1f 92       	push	r1
     8ea:	9f 92       	push	r9
     8ec:	0f 2e       	mov	r0, r31
     8ee:	fe e6       	ldi	r31, 0x6E	; 110
     8f0:	af 2e       	mov	r10, r31
     8f2:	b1 2c       	mov	r11, r1
     8f4:	c1 2c       	mov	r12, r1
     8f6:	d1 2c       	mov	r13, r1
     8f8:	f0 2d       	mov	r31, r0
     8fa:	20 e0       	ldi	r18, 0x00	; 0
     8fc:	30 e0       	ldi	r19, 0x00	; 0
     8fe:	a9 01       	movw	r20, r18
     900:	0e 94 b4 00 	call	0x168	; 0x168 <map_value>
     904:	0f 90       	pop	r0
     906:	0f 90       	pop	r0
     908:	0f 90       	pop	r0
     90a:	0f 90       	pop	r0
     90c:	86 2e       	mov	r8, r22
		uint8_t angle3 = (uint8_t)map_value((int32_t)adc_read(2), 0, 1023, SERVO3_MIN_ANGLE, SERVO3_MAX_ANGLE);
     90e:	82 e0       	ldi	r24, 0x02	; 2
     910:	0e 94 9f 00 	call	0x13e	; 0x13e <adc_read>
     914:	bc 01       	movw	r22, r24
     916:	80 e0       	ldi	r24, 0x00	; 0
     918:	90 e0       	ldi	r25, 0x00	; 0
     91a:	1f 92       	push	r1
     91c:	1f 92       	push	r1
     91e:	1f 92       	push	r1
     920:	20 ea       	ldi	r18, 0xA0	; 160
     922:	2f 93       	push	r18
     924:	0f 2e       	mov	r0, r31
     926:	ff e5       	ldi	r31, 0x5F	; 95
     928:	af 2e       	mov	r10, r31
     92a:	b1 2c       	mov	r11, r1
     92c:	c1 2c       	mov	r12, r1
     92e:	d1 2c       	mov	r13, r1
     930:	f0 2d       	mov	r31, r0
     932:	20 e0       	ldi	r18, 0x00	; 0
     934:	30 e0       	ldi	r19, 0x00	; 0
     936:	a9 01       	movw	r20, r18
     938:	0e 94 b4 00 	call	0x168	; 0x168 <map_value>
     93c:	0f 90       	pop	r0
     93e:	0f 90       	pop	r0
     940:	0f 90       	pop	r0
     942:	0f 90       	pop	r0
     944:	96 2e       	mov	r9, r22
		uint8_t angle4 = (uint8_t)map_value((int32_t)adc_read(3), 0, 1023, SERVO4_MIN_ANGLE, SERVO4_MAX_ANGLE);
     946:	83 e0       	ldi	r24, 0x03	; 3
     948:	0e 94 9f 00 	call	0x13e	; 0x13e <adc_read>
     94c:	bc 01       	movw	r22, r24
     94e:	80 e0       	ldi	r24, 0x00	; 0
     950:	90 e0       	ldi	r25, 0x00	; 0
     952:	1f 92       	push	r1
     954:	1f 92       	push	r1
     956:	1f 92       	push	r1
     958:	2a e0       	ldi	r18, 0x0A	; 10
     95a:	2f 93       	push	r18
     95c:	a1 2c       	mov	r10, r1
     95e:	b1 2c       	mov	r11, r1
     960:	65 01       	movw	r12, r10
     962:	20 e0       	ldi	r18, 0x00	; 0
     964:	30 e0       	ldi	r19, 0x00	; 0
     966:	a9 01       	movw	r20, r18
     968:	0e 94 b4 00 	call	0x168	; 0x168 <map_value>
     96c:	0f 90       	pop	r0
     96e:	0f 90       	pop	r0
     970:	0f 90       	pop	r0
     972:	0f 90       	pop	r0
     974:	16 2f       	mov	r17, r22

		pwm_servo_set_angle(s1, angle1);
     976:	62 2d       	mov	r22, r2
     978:	89 85       	ldd	r24, Y+9	; 0x09
     97a:	9a 85       	ldd	r25, Y+10	; 0x0a
     97c:	0e 94 d4 07 	call	0xfa8	; 0xfa8 <pwm_servo_set_angle>
		pwm_servo_set_angle(s2, angle2);
     980:	68 2d       	mov	r22, r8
     982:	8b 85       	ldd	r24, Y+11	; 0x0b
     984:	9c 85       	ldd	r25, Y+12	; 0x0c
     986:	0e 94 d4 07 	call	0xfa8	; 0xfa8 <pwm_servo_set_angle>
		pwm_servo_t2_set_angle(s3, angle3);
     98a:	69 2d       	mov	r22, r9
     98c:	8d 85       	ldd	r24, Y+13	; 0x0d
     98e:	9e 85       	ldd	r25, Y+14	; 0x0e
     990:	0e 94 70 08 	call	0x10e0	; 0x10e0 <pwm_servo_t2_set_angle>
		pwm_servo_t0_set_angle(s4, angle4);
     994:	61 2f       	mov	r22, r17
     996:	8f 85       	ldd	r24, Y+15	; 0x0f
     998:	98 89       	ldd	r25, Y+16	; 0x10
     99a:	0e 94 11 08 	call	0x1022	; 0x1022 <pwm_servo_t0_set_angle>
     99e:	2f ef       	ldi	r18, 0xFF	; 255
     9a0:	39 ef       	ldi	r19, 0xF9	; 249
     9a2:	80 e0       	ldi	r24, 0x00	; 0
     9a4:	21 50       	subi	r18, 0x01	; 1
     9a6:	30 40       	sbci	r19, 0x00	; 0
     9a8:	80 40       	sbci	r24, 0x00	; 0
     9aa:	e1 f7       	brne	.-8      	; 0x9a4 <__stack+0xa5>
     9ac:	00 c0       	rjmp	.+0      	; 0x9ae <__stack+0xaf>
     9ae:	00 00       	nop

		_delay_ms(20);

		// Parpadeo LED PB5 si no esta llena
		if (!eeprom_llena)
     9b0:	41 10       	cpse	r4, r1
     9b2:	15 c0       	rjmp	.+42     	; 0x9de <__stack+0xdf>
		{
			blink_counter++;
     9b4:	9f ef       	ldi	r25, 0xFF	; 255
     9b6:	69 1a       	sub	r6, r25
     9b8:	79 0a       	sbc	r7, r25
			if (blink_counter >= 15)
     9ba:	2f e0       	ldi	r18, 0x0F	; 15
     9bc:	62 16       	cp	r6, r18
     9be:	71 04       	cpc	r7, r1
     9c0:	70 f0       	brcs	.+28     	; 0x9de <__stack+0xdf>
			{
				blink_counter = 0;
				blink_state ^= 1;
     9c2:	81 e0       	ldi	r24, 0x01	; 1
     9c4:	38 26       	eor	r3, r24
				if (blink_state) PORTB |=  (1 << PB5);
     9c6:	31 f0       	breq	.+12     	; 0x9d4 <__stack+0xd5>
     9c8:	85 b1       	in	r24, 0x05	; 5
     9ca:	80 62       	ori	r24, 0x20	; 32
     9cc:	85 b9       	out	0x05, r24	; 5
		if (!eeprom_llena)
		{
			blink_counter++;
			if (blink_counter >= 15)
			{
				blink_counter = 0;
     9ce:	61 2c       	mov	r6, r1
     9d0:	71 2c       	mov	r7, r1
     9d2:	05 c0       	rjmp	.+10     	; 0x9de <__stack+0xdf>
				blink_state ^= 1;
				if (blink_state) PORTB |=  (1 << PB5);
				else             PORTB &= ~(1 << PB5);
     9d4:	85 b1       	in	r24, 0x05	; 5
     9d6:	8f 7d       	andi	r24, 0xDF	; 223
     9d8:	85 b9       	out	0x05, r24	; 5
		if (!eeprom_llena)
		{
			blink_counter++;
			if (blink_counter >= 15)
			{
				blink_counter = 0;
     9da:	61 2c       	mov	r6, r1
     9dc:	71 2c       	mov	r7, r1
				if (blink_state) PORTB |=  (1 << PB5);
				else             PORTB &= ~(1 << PB5);
			}
		}

		if (button_pressed(BTN_CHANGE_PIN))
     9de:	84 e0       	ldi	r24, 0x04	; 4
     9e0:	0e 94 8b 01 	call	0x316	; 0x316 <button_pressed>
     9e4:	88 23       	and	r24, r24
     9e6:	e1 f0       	breq	.+56     	; 0xa20 <__stack+0x121>
		{
			PORTB &= ~((1 << PB5) | (1 << PB4));
     9e8:	85 b1       	in	r24, 0x05	; 5
     9ea:	8f 7c       	andi	r24, 0xCF	; 207
     9ec:	85 b9       	out	0x05, r24	; 5
			writeString("\r\n[RECORD] Saliendo...\r\n");
     9ee:	8c ee       	ldi	r24, 0xEC	; 236
     9f0:	92 e0       	ldi	r25, 0x02	; 2
     9f2:	0e 94 ba 08 	call	0x1174	; 0x1174 <writeString>
				writeString("[RECORD] PC4 para salir.\r\n");
			}
		}
	}

	writeString("[RECORD] Total keyframes guardados: ");
     9f6:	85 e0       	ldi	r24, 0x05	; 5
     9f8:	93 e0       	ldi	r25, 0x03	; 3
     9fa:	0e 94 ba 08 	call	0x1174	; 0x1174 <writeString>
	char total[4];
	total[0] = '0' + keyframe_count;
     9fe:	80 e3       	ldi	r24, 0x30	; 48
     a00:	85 0d       	add	r24, r5
     a02:	89 83       	std	Y+1, r24	; 0x01
	total[1] = '\r';
     a04:	8d e0       	ldi	r24, 0x0D	; 13
     a06:	8a 83       	std	Y+2, r24	; 0x02
	total[2] = '\n';
     a08:	8a e0       	ldi	r24, 0x0A	; 10
     a0a:	8b 83       	std	Y+3, r24	; 0x03
	total[3] = '\0';
     a0c:	1c 82       	std	Y+4, r1	; 0x04
	writeString(total);
     a0e:	ce 01       	movw	r24, r28
     a10:	01 96       	adiw	r24, 0x01	; 1
     a12:	0e 94 ba 08 	call	0x1174	; 0x1174 <writeString>
	writeString("[RECORD] Listo.\r\n");
     a16:	8a e2       	ldi	r24, 0x2A	; 42
     a18:	93 e0       	ldi	r25, 0x03	; 3
     a1a:	0e 94 ba 08 	call	0x1174	; 0x1174 <writeString>
}
     a1e:	83 c0       	rjmp	.+262    	; 0xb26 <__stack+0x227>
			PORTB &= ~((1 << PB5) | (1 << PB4));
			writeString("\r\n[RECORD] Saliendo...\r\n");
			break;
		}

		if (button_pressed(BTN_ACTION_PIN))
     a20:	85 e0       	ldi	r24, 0x05	; 5
     a22:	0e 94 8b 01 	call	0x316	; 0x316 <button_pressed>
     a26:	88 23       	and	r24, r24
     a28:	09 f4       	brne	.+2      	; 0xa2c <__stack+0x12d>
     a2a:	35 cf       	rjmp	.-406    	; 0x896 <run_mode_record+0x7a>
		{
			if (eeprom_llena)
     a2c:	44 20       	and	r4, r4
     a2e:	29 f0       	breq	.+10     	; 0xa3a <__stack+0x13b>
			{
				writeString("[RECORD] EEPROM llena. PC4 para salir.\r\n");
     a30:	8c e3       	ldi	r24, 0x3C	; 60
     a32:	93 e0       	ldi	r25, 0x03	; 3
     a34:	0e 94 ba 08 	call	0x1174	; 0x1174 <writeString>
     a38:	2e cf       	rjmp	.-420    	; 0x896 <run_mode_record+0x7a>
				continue;
			}

			uint16_t addr = KEYFRAME_BASE_ADDR + ((uint16_t)keyframe_count * KEYFRAME_SIZE);
     a3a:	e5 2c       	mov	r14, r5
     a3c:	f1 2c       	mov	r15, r1
     a3e:	ee 0c       	add	r14, r14
     a40:	ff 1c       	adc	r15, r15
     a42:	ee 0c       	add	r14, r14
     a44:	ff 1c       	adc	r15, r15
			eepromWrite(addr + 0, angle1);
     a46:	62 2d       	mov	r22, r2
     a48:	c7 01       	movw	r24, r14
     a4a:	0e 94 53 00 	call	0xa6	; 0xa6 <eepromWrite>
			eepromWrite(addr + 1, angle2);
     a4e:	68 2d       	mov	r22, r8
     a50:	c7 01       	movw	r24, r14
     a52:	01 96       	adiw	r24, 0x01	; 1
     a54:	0e 94 53 00 	call	0xa6	; 0xa6 <eepromWrite>
			eepromWrite(addr + 2, angle3);
     a58:	69 2d       	mov	r22, r9
     a5a:	c7 01       	movw	r24, r14
     a5c:	02 96       	adiw	r24, 0x02	; 2
     a5e:	0e 94 53 00 	call	0xa6	; 0xa6 <eepromWrite>
			eepromWrite(addr + 3, angle4);
     a62:	61 2f       	mov	r22, r17
     a64:	c7 01       	movw	r24, r14
     a66:	03 96       	adiw	r24, 0x03	; 3
     a68:	0e 94 53 00 	call	0xa6	; 0xa6 <eepromWrite>

			// Flash doble al guardar
			PORTB &= ~(1 << PB5);
     a6c:	85 b1       	in	r24, 0x05	; 5
     a6e:	8f 7d       	andi	r24, 0xDF	; 223
     a70:	85 b9       	out	0x05, r24	; 5
			for (uint8_t i = 0; i < 2; i++)
     a72:	90 e0       	ldi	r25, 0x00	; 0
     a74:	19 c0       	rjmp	.+50     	; 0xaa8 <__stack+0x1a9>
			{
				PORTB |=  (1 << PB5); _delay_ms(60);
     a76:	85 b1       	in	r24, 0x05	; 5
     a78:	80 62       	ori	r24, 0x20	; 32
     a7a:	85 b9       	out	0x05, r24	; 5
     a7c:	3f ef       	ldi	r19, 0xFF	; 255
     a7e:	8d ee       	ldi	r24, 0xED	; 237
     a80:	22 e0       	ldi	r18, 0x02	; 2
     a82:	31 50       	subi	r19, 0x01	; 1
     a84:	80 40       	sbci	r24, 0x00	; 0
     a86:	20 40       	sbci	r18, 0x00	; 0
     a88:	e1 f7       	brne	.-8      	; 0xa82 <__stack+0x183>
     a8a:	00 c0       	rjmp	.+0      	; 0xa8c <__stack+0x18d>
     a8c:	00 00       	nop
				PORTB &= ~(1 << PB5); _delay_ms(60);
     a8e:	85 b1       	in	r24, 0x05	; 5
     a90:	8f 7d       	andi	r24, 0xDF	; 223
     a92:	85 b9       	out	0x05, r24	; 5
     a94:	3f ef       	ldi	r19, 0xFF	; 255
     a96:	8d ee       	ldi	r24, 0xED	; 237
     a98:	22 e0       	ldi	r18, 0x02	; 2
     a9a:	31 50       	subi	r19, 0x01	; 1
     a9c:	80 40       	sbci	r24, 0x00	; 0
     a9e:	20 40       	sbci	r18, 0x00	; 0
     aa0:	e1 f7       	brne	.-8      	; 0xa9a <__stack+0x19b>
     aa2:	00 c0       	rjmp	.+0      	; 0xaa4 <__stack+0x1a5>
     aa4:	00 00       	nop
			eepromWrite(addr + 2, angle3);
			eepromWrite(addr + 3, angle4);

			// Flash doble al guardar
			PORTB &= ~(1 << PB5);
			for (uint8_t i = 0; i < 2; i++)
     aa6:	9f 5f       	subi	r25, 0xFF	; 255
     aa8:	92 30       	cpi	r25, 0x02	; 2
     aaa:	28 f3       	brcs	.-54     	; 0xa76 <__stack+0x177>
			{
				PORTB |=  (1 << PB5); _delay_ms(60);
				PORTB &= ~(1 << PB5); _delay_ms(60);
			}

			keyframe_count++;
     aac:	01 e0       	ldi	r16, 0x01	; 1
     aae:	05 0d       	add	r16, r5

			writeString("[RECORD] Keyframe ");
     ab0:	85 e6       	ldi	r24, 0x65	; 101
     ab2:	93 e0       	ldi	r25, 0x03	; 3
     ab4:	0e 94 ba 08 	call	0x1174	; 0x1174 <writeString>
			char kf[4];
			kf[0] = '0' + keyframe_count;
     ab8:	81 e3       	ldi	r24, 0x31	; 49
     aba:	85 0d       	add	r24, r5
     abc:	8d 83       	std	Y+5, r24	; 0x05
			kf[1] = '/';
     abe:	8f e2       	ldi	r24, 0x2F	; 47
     ac0:	8e 83       	std	Y+6, r24	; 0x06
			kf[2] = '4';
     ac2:	84 e3       	ldi	r24, 0x34	; 52
     ac4:	8f 83       	std	Y+7, r24	; 0x07
			kf[3] = '\0';
     ac6:	18 86       	std	Y+8, r1	; 0x08
			writeString(kf);
     ac8:	ce 01       	movw	r24, r28
     aca:	05 96       	adiw	r24, 0x05	; 5
     acc:	0e 94 ba 08 	call	0x1174	; 0x1174 <writeString>
			writeString(" guardado.\r\n");
     ad0:	88 e7       	ldi	r24, 0x78	; 120
     ad2:	93 e0       	ldi	r25, 0x03	; 3
     ad4:	0e 94 ba 08 	call	0x1174	; 0x1174 <writeString>

			enviar_feedback(1, angle1);
     ad8:	62 2d       	mov	r22, r2
     ada:	81 e0       	ldi	r24, 0x01	; 1
     adc:	0e 94 f5 00 	call	0x1ea	; 0x1ea <enviar_feedback>
			enviar_feedback(2, angle2);
     ae0:	68 2d       	mov	r22, r8
     ae2:	82 e0       	ldi	r24, 0x02	; 2
     ae4:	0e 94 f5 00 	call	0x1ea	; 0x1ea <enviar_feedback>
			enviar_feedback(3, angle3);
     ae8:	69 2d       	mov	r22, r9
     aea:	83 e0       	ldi	r24, 0x03	; 3
     aec:	0e 94 f5 00 	call	0x1ea	; 0x1ea <enviar_feedback>
			enviar_feedback(4, angle4);
     af0:	61 2f       	mov	r22, r17
     af2:	84 e0       	ldi	r24, 0x04	; 4
     af4:	0e 94 f5 00 	call	0x1ea	; 0x1ea <enviar_feedback>

			if (keyframe_count >= MAX_KEYFRAMES)
     af8:	04 30       	cpi	r16, 0x04	; 4
     afa:	98 f0       	brcs	.+38     	; 0xb22 <__stack+0x223>
			{
				eeprom_llena = 1;
				PORTB &= ~(1 << PB5);   // Apagar LED PB5 (parpadeo)
     afc:	85 b1       	in	r24, 0x05	; 5
     afe:	8f 7d       	andi	r24, 0xDF	; 223
     b00:	85 b9       	out	0x05, r24	; 5
				PORTB |=  (1<<PB5);
     b02:	85 b1       	in	r24, 0x05	; 5
     b04:	80 62       	ori	r24, 0x20	; 32
     b06:	85 b9       	out	0x05, r24	; 5
				PORTB |=  (1 << PB4);   // Encender LED PB4 (lleno)
     b08:	85 b1       	in	r24, 0x05	; 5
     b0a:	80 61       	ori	r24, 0x10	; 16
     b0c:	85 b9       	out	0x05, r24	; 5
				writeString("[RECORD] 4/4 keyframes guardados. EEPROM llena.\r\n");
     b0e:	85 e8       	ldi	r24, 0x85	; 133
     b10:	93 e0       	ldi	r25, 0x03	; 3
     b12:	0e 94 ba 08 	call	0x1174	; 0x1174 <writeString>
				writeString("[RECORD] PC4 para salir.\r\n");
     b16:	87 eb       	ldi	r24, 0xB7	; 183
     b18:	93 e0       	ldi	r25, 0x03	; 3
     b1a:	0e 94 ba 08 	call	0x1174	; 0x1174 <writeString>
			enviar_feedback(3, angle3);
			enviar_feedback(4, angle4);

			if (keyframe_count >= MAX_KEYFRAMES)
			{
				eeprom_llena = 1;
     b1e:	44 24       	eor	r4, r4
     b20:	43 94       	inc	r4
			{
				PORTB |=  (1 << PB5); _delay_ms(60);
				PORTB &= ~(1 << PB5); _delay_ms(60);
			}

			keyframe_count++;
     b22:	50 2e       	mov	r5, r16
     b24:	b8 ce       	rjmp	.-656    	; 0x896 <run_mode_record+0x7a>
	total[1] = '\r';
	total[2] = '\n';
	total[3] = '\0';
	writeString(total);
	writeString("[RECORD] Listo.\r\n");
}
     b26:	60 96       	adiw	r28, 0x10	; 16
     b28:	0f b6       	in	r0, 0x3f	; 63
     b2a:	f8 94       	cli
     b2c:	de bf       	out	0x3e, r29	; 62
     b2e:	0f be       	out	0x3f, r0	; 63
     b30:	cd bf       	out	0x3d, r28	; 61
     b32:	df 91       	pop	r29
     b34:	cf 91       	pop	r28
     b36:	1f 91       	pop	r17
     b38:	0f 91       	pop	r16
     b3a:	ff 90       	pop	r15
     b3c:	ef 90       	pop	r14
     b3e:	df 90       	pop	r13
     b40:	cf 90       	pop	r12
     b42:	bf 90       	pop	r11
     b44:	af 90       	pop	r10
     b46:	9f 90       	pop	r9
     b48:	8f 90       	pop	r8
     b4a:	7f 90       	pop	r7
     b4c:	6f 90       	pop	r6
     b4e:	5f 90       	pop	r5
     b50:	4f 90       	pop	r4
     b52:	3f 90       	pop	r3
     b54:	2f 90       	pop	r2
     b56:	08 95       	ret

00000b58 <run_mode_playback>:

static void run_mode_playback(servo_t *s1, servo_t *s2, servo_t2_t *s3, servo_t0_t *s4)
{
     b58:	2f 92       	push	r2
     b5a:	3f 92       	push	r3
     b5c:	4f 92       	push	r4
     b5e:	5f 92       	push	r5
     b60:	6f 92       	push	r6
     b62:	7f 92       	push	r7
     b64:	8f 92       	push	r8
     b66:	9f 92       	push	r9
     b68:	af 92       	push	r10
     b6a:	bf 92       	push	r11
     b6c:	cf 92       	push	r12
     b6e:	df 92       	push	r13
     b70:	ef 92       	push	r14
     b72:	ff 92       	push	r15
     b74:	0f 93       	push	r16
     b76:	1f 93       	push	r17
     b78:	cf 93       	push	r28
     b7a:	df 93       	push	r29
     b7c:	cd b7       	in	r28, 0x3d	; 61
     b7e:	de b7       	in	r29, 0x3e	; 62
     b80:	27 97       	sbiw	r28, 0x07	; 7
     b82:	0f b6       	in	r0, 0x3f	; 63
     b84:	f8 94       	cli
     b86:	de bf       	out	0x3e, r29	; 62
     b88:	0f be       	out	0x3f, r0	; 63
     b8a:	cd bf       	out	0x3d, r28	; 61
     b8c:	7c 01       	movw	r14, r24
     b8e:	7e 83       	std	Y+6, r23	; 0x06
     b90:	6d 83       	std	Y+5, r22	; 0x05
     b92:	6a 01       	movw	r12, r20
     b94:	59 01       	movw	r10, r18
    writeString("\r\n[PLAYBACK] Iniciando reproduccion...\r\n");
     b96:	82 ed       	ldi	r24, 0xD2	; 210
     b98:	93 e0       	ldi	r25, 0x03	; 3
     b9a:	0e 94 ba 08 	call	0x1174	; 0x1174 <writeString>
    writeString("[PLAYBACK] PC4 para cancelar.\r\n");
     b9e:	8b ef       	ldi	r24, 0xFB	; 251
     ba0:	93 e0       	ldi	r25, 0x03	; 3
     ba2:	0e 94 ba 08 	call	0x1174	; 0x1174 <writeString>

    move_to_home(s1, s2, s3, s4);
     ba6:	95 01       	movw	r18, r10
     ba8:	a6 01       	movw	r20, r12
     baa:	6d 81       	ldd	r22, Y+5	; 0x05
     bac:	7e 81       	ldd	r23, Y+6	; 0x06
     bae:	c7 01       	movw	r24, r14
     bb0:	0e 94 99 02 	call	0x532	; 0x532 <move_to_home>

    uint8_t current_a1 = SERVO1_HOME_ANGLE;
    uint8_t current_a2 = SERVO2_HOME_ANGLE;
    uint8_t current_a3 = SERVO3_HOME_ANGLE;
    uint8_t current_a4 = SERVO4_HOME_ANGLE;
    uint8_t keyframe_index = 0;
     bb4:	1f 82       	std	Y+7, r1	; 0x07
    move_to_home(s1, s2, s3, s4);

    uint8_t current_a1 = SERVO1_HOME_ANGLE;
    uint8_t current_a2 = SERVO2_HOME_ANGLE;
    uint8_t current_a3 = SERVO3_HOME_ANGLE;
    uint8_t current_a4 = SERVO4_HOME_ANGLE;
     bb6:	0f 2e       	mov	r0, r31
     bb8:	f5 e0       	ldi	r31, 0x05	; 5
     bba:	6f 2e       	mov	r6, r31
     bbc:	f0 2d       	mov	r31, r0

    move_to_home(s1, s2, s3, s4);

    uint8_t current_a1 = SERVO1_HOME_ANGLE;
    uint8_t current_a2 = SERVO2_HOME_ANGLE;
    uint8_t current_a3 = SERVO3_HOME_ANGLE;
     bbe:	0f 2e       	mov	r0, r31
     bc0:	f6 e9       	ldi	r31, 0x96	; 150
     bc2:	7f 2e       	mov	r7, r31
     bc4:	f0 2d       	mov	r31, r0
    writeString("[PLAYBACK] PC4 para cancelar.\r\n");

    move_to_home(s1, s2, s3, s4);

    uint8_t current_a1 = SERVO1_HOME_ANGLE;
    uint8_t current_a2 = SERVO2_HOME_ANGLE;
     bc6:	05 ea       	ldi	r16, 0xA5	; 165
    writeString("\r\n[PLAYBACK] Iniciando reproduccion...\r\n");
    writeString("[PLAYBACK] PC4 para cancelar.\r\n");

    move_to_home(s1, s2, s3, s4);

    uint8_t current_a1 = SERVO1_HOME_ANGLE;
     bc8:	10 e0       	ldi	r17, 0x00	; 0
    uint8_t current_a2 = SERVO2_HOME_ANGLE;
    uint8_t current_a3 = SERVO3_HOME_ANGLE;
    uint8_t current_a4 = SERVO4_HOME_ANGLE;
    uint8_t keyframe_index = 0;

    while (keyframe_index < MAX_KEYFRAMES)
     bca:	9e c0       	rjmp	.+316    	; 0xd08 <run_mode_playback+0x1b0>
    {
        if (button_pressed(BTN_CHANGE_PIN))
     bcc:	84 e0       	ldi	r24, 0x04	; 4
     bce:	0e 94 8b 01 	call	0x316	; 0x316 <button_pressed>
     bd2:	88 23       	and	r24, r24
     bd4:	29 f0       	breq	.+10     	; 0xbe0 <run_mode_playback+0x88>
        {
            writeString("\r\n[PLAYBACK] Cancelado por usuario.\r\n");
     bd6:	8b e1       	ldi	r24, 0x1B	; 27
     bd8:	94 e0       	ldi	r25, 0x04	; 4
     bda:	0e 94 ba 08 	call	0x1174	; 0x1174 <writeString>
            break;
     bde:	98 c0       	rjmp	.+304    	; 0xd10 <run_mode_playback+0x1b8>
        }

        uint16_t addr = KEYFRAME_BASE_ADDR + ((uint16_t)keyframe_index * KEYFRAME_SIZE);
     be0:	8f 81       	ldd	r24, Y+7	; 0x07
     be2:	88 2e       	mov	r8, r24
     be4:	91 2c       	mov	r9, r1
     be6:	88 0c       	add	r8, r8
     be8:	99 1c       	adc	r9, r9
     bea:	88 0c       	add	r8, r8
     bec:	99 1c       	adc	r9, r9
        uint8_t  marker = eepromRead(addr);
     bee:	c4 01       	movw	r24, r8
     bf0:	0e 94 5f 00 	call	0xbe	; 0xbe <eepromRead>

        if (marker == EEPROM_EMPTY_MARKER)
     bf4:	8f 3f       	cpi	r24, 0xFF	; 255
     bf6:	29 f4       	brne	.+10     	; 0xc02 <run_mode_playback+0xaa>
        {
            writeString("[PLAYBACK] Fin de keyframes grabados.\r\n");
     bf8:	81 e4       	ldi	r24, 0x41	; 65
     bfa:	94 e0       	ldi	r25, 0x04	; 4
     bfc:	0e 94 ba 08 	call	0x1174	; 0x1174 <writeString>
            break;
     c00:	87 c0       	rjmp	.+270    	; 0xd10 <run_mode_playback+0x1b8>
        }

        uint8_t target_a1 = eepromRead(addr + 0);
     c02:	c4 01       	movw	r24, r8
     c04:	0e 94 5f 00 	call	0xbe	; 0xbe <eepromRead>
     c08:	38 2e       	mov	r3, r24
        uint8_t target_a2 = eepromRead(addr + 1);
     c0a:	c4 01       	movw	r24, r8
     c0c:	01 96       	adiw	r24, 0x01	; 1
     c0e:	0e 94 5f 00 	call	0xbe	; 0xbe <eepromRead>
     c12:	48 2e       	mov	r4, r24
        uint8_t target_a3 = eepromRead(addr + 2);
     c14:	c4 01       	movw	r24, r8
     c16:	02 96       	adiw	r24, 0x02	; 2
     c18:	0e 94 5f 00 	call	0xbe	; 0xbe <eepromRead>
     c1c:	58 2e       	mov	r5, r24
        uint8_t target_a4 = eepromRead(addr + 3);
     c1e:	c4 01       	movw	r24, r8
     c20:	03 96       	adiw	r24, 0x03	; 3
     c22:	0e 94 5f 00 	call	0xbe	; 0xbe <eepromRead>
     c26:	28 2e       	mov	r2, r24

        writeString("[PLAYBACK] Keyframe ");
     c28:	89 e6       	ldi	r24, 0x69	; 105
     c2a:	94 e0       	ldi	r25, 0x04	; 4
     c2c:	0e 94 ba 08 	call	0x1174	; 0x1174 <writeString>
        char kf[4];
        kf[0] = '0' + (keyframe_index + 1);
     c30:	8f 81       	ldd	r24, Y+7	; 0x07
     c32:	8f 5c       	subi	r24, 0xCF	; 207
     c34:	89 83       	std	Y+1, r24	; 0x01
        kf[1] = '/';
     c36:	8f e2       	ldi	r24, 0x2F	; 47
     c38:	8a 83       	std	Y+2, r24	; 0x02
        kf[2] = '4';
     c3a:	84 e3       	ldi	r24, 0x34	; 52
     c3c:	8b 83       	std	Y+3, r24	; 0x03
        kf[3] = '\0';
     c3e:	1c 82       	std	Y+4, r1	; 0x04
        writeString(kf);
     c40:	ce 01       	movw	r24, r28
     c42:	01 96       	adiw	r24, 0x01	; 1
     c44:	0e 94 ba 08 	call	0x1174	; 0x1174 <writeString>

        enviar_feedback(1, target_a1);
     c48:	63 2d       	mov	r22, r3
     c4a:	81 e0       	ldi	r24, 0x01	; 1
     c4c:	0e 94 f5 00 	call	0x1ea	; 0x1ea <enviar_feedback>
        enviar_feedback(2, target_a2);
     c50:	64 2d       	mov	r22, r4
     c52:	82 e0       	ldi	r24, 0x02	; 2
     c54:	0e 94 f5 00 	call	0x1ea	; 0x1ea <enviar_feedback>
        enviar_feedback(3, target_a3);
     c58:	65 2d       	mov	r22, r5
     c5a:	83 e0       	ldi	r24, 0x03	; 3
     c5c:	0e 94 f5 00 	call	0x1ea	; 0x1ea <enviar_feedback>
        enviar_feedback(4, target_a4);
     c60:	62 2d       	mov	r22, r2
     c62:	84 e0       	ldi	r24, 0x04	; 4
     c64:	0e 94 f5 00 	call	0x1ea	; 0x1ea <enviar_feedback>

        uint8_t arrived = 0;
     c68:	91 2c       	mov	r9, r1
        while (!arrived)
     c6a:	48 c0       	rjmp	.+144    	; 0xcfc <run_mode_playback+0x1a4>
        {
            if (button_pressed(BTN_CHANGE_PIN))
     c6c:	84 e0       	ldi	r24, 0x04	; 4
     c6e:	0e 94 8b 01 	call	0x316	; 0x316 <button_pressed>
     c72:	88 23       	and	r24, r24
     c74:	29 f0       	breq	.+10     	; 0xc80 <run_mode_playback+0x128>
            {
                writeString("\r\n[PLAYBACK] Cancelado durante movimiento.\r\n");
     c76:	8e e7       	ldi	r24, 0x7E	; 126
     c78:	94 e0       	ldi	r25, 0x04	; 4
     c7a:	0e 94 ba 08 	call	0x1174	; 0x1174 <writeString>
     c7e:	4c c0       	rjmp	.+152    	; 0xd18 <run_mode_playback+0x1c0>
                return;
            }

            arrived = 1;

            if (current_a1 < target_a1)      { current_a1++; arrived = 0; }
     c80:	13 15       	cp	r17, r3
     c82:	18 f4       	brcc	.+6      	; 0xc8a <run_mode_playback+0x132>
     c84:	1f 5f       	subi	r17, 0xFF	; 255
     c86:	89 2c       	mov	r8, r9
     c88:	07 c0       	rjmp	.+14     	; 0xc98 <run_mode_playback+0x140>
            else if (current_a1 > target_a1) { current_a1--; arrived = 0; }
     c8a:	31 16       	cp	r3, r17
     c8c:	18 f4       	brcc	.+6      	; 0xc94 <run_mode_playback+0x13c>
     c8e:	11 50       	subi	r17, 0x01	; 1
     c90:	89 2c       	mov	r8, r9
     c92:	02 c0       	rjmp	.+4      	; 0xc98 <run_mode_playback+0x140>
            {
                writeString("\r\n[PLAYBACK] Cancelado durante movimiento.\r\n");
                return;
            }

            arrived = 1;
     c94:	88 24       	eor	r8, r8
     c96:	83 94       	inc	r8

            if (current_a1 < target_a1)      { current_a1++; arrived = 0; }
            else if (current_a1 > target_a1) { current_a1--; arrived = 0; }
            pwm_servo_set_angle(s1, current_a1);
     c98:	61 2f       	mov	r22, r17
     c9a:	c7 01       	movw	r24, r14
     c9c:	0e 94 d4 07 	call	0xfa8	; 0xfa8 <pwm_servo_set_angle>

            if (current_a2 < target_a2)      { current_a2++; arrived = 0; }
     ca0:	04 15       	cp	r16, r4
     ca2:	18 f4       	brcc	.+6      	; 0xcaa <run_mode_playback+0x152>
     ca4:	0f 5f       	subi	r16, 0xFF	; 255
     ca6:	89 2c       	mov	r8, r9
     ca8:	04 c0       	rjmp	.+8      	; 0xcb2 <run_mode_playback+0x15a>
            else if (current_a2 > target_a2) { current_a2--; arrived = 0; }
     caa:	40 16       	cp	r4, r16
     cac:	10 f4       	brcc	.+4      	; 0xcb2 <run_mode_playback+0x15a>
     cae:	01 50       	subi	r16, 0x01	; 1
     cb0:	89 2c       	mov	r8, r9
            pwm_servo_set_angle(s2, current_a2);
     cb2:	60 2f       	mov	r22, r16
     cb4:	8d 81       	ldd	r24, Y+5	; 0x05
     cb6:	9e 81       	ldd	r25, Y+6	; 0x06
     cb8:	0e 94 d4 07 	call	0xfa8	; 0xfa8 <pwm_servo_set_angle>

            if (current_a3 < target_a3)      { current_a3++; arrived = 0; }
     cbc:	75 14       	cp	r7, r5
     cbe:	18 f4       	brcc	.+6      	; 0xcc6 <run_mode_playback+0x16e>
     cc0:	73 94       	inc	r7
     cc2:	89 2c       	mov	r8, r9
     cc4:	04 c0       	rjmp	.+8      	; 0xcce <run_mode_playback+0x176>
            else if (current_a3 > target_a3) { current_a3--; arrived = 0; }
     cc6:	57 14       	cp	r5, r7
     cc8:	10 f4       	brcc	.+4      	; 0xcce <run_mode_playback+0x176>
     cca:	7a 94       	dec	r7
     ccc:	89 2c       	mov	r8, r9
            pwm_servo_t2_set_angle(s3, current_a3);
     cce:	67 2d       	mov	r22, r7
     cd0:	c6 01       	movw	r24, r12
     cd2:	0e 94 70 08 	call	0x10e0	; 0x10e0 <pwm_servo_t2_set_angle>

            if (current_a4 < target_a4)      { current_a4++; arrived = 0; }
     cd6:	62 14       	cp	r6, r2
     cd8:	10 f4       	brcc	.+4      	; 0xcde <run_mode_playback+0x186>
     cda:	63 94       	inc	r6
     cdc:	05 c0       	rjmp	.+10     	; 0xce8 <run_mode_playback+0x190>
            else if (current_a4 > target_a4) { current_a4--; arrived = 0; }
     cde:	26 14       	cp	r2, r6
     ce0:	10 f4       	brcc	.+4      	; 0xce6 <run_mode_playback+0x18e>
     ce2:	6a 94       	dec	r6
     ce4:	01 c0       	rjmp	.+2      	; 0xce8 <run_mode_playback+0x190>
     ce6:	98 2c       	mov	r9, r8
            pwm_servo_t0_set_angle(s4, current_a4);
     ce8:	66 2d       	mov	r22, r6
     cea:	c5 01       	movw	r24, r10
     cec:	0e 94 11 08 	call	0x1022	; 0x1022 <pwm_servo_t0_set_angle>
     cf0:	8f e3       	ldi	r24, 0x3F	; 63
     cf2:	9c e9       	ldi	r25, 0x9C	; 156
     cf4:	01 97       	sbiw	r24, 0x01	; 1
     cf6:	f1 f7       	brne	.-4      	; 0xcf4 <run_mode_playback+0x19c>
     cf8:	00 c0       	rjmp	.+0      	; 0xcfa <run_mode_playback+0x1a2>
     cfa:	00 00       	nop
        enviar_feedback(2, target_a2);
        enviar_feedback(3, target_a3);
        enviar_feedback(4, target_a4);

        uint8_t arrived = 0;
        while (!arrived)
     cfc:	99 20       	and	r9, r9
     cfe:	09 f4       	brne	.+2      	; 0xd02 <run_mode_playback+0x1aa>
     d00:	b5 cf       	rjmp	.-150    	; 0xc6c <run_mode_playback+0x114>
            pwm_servo_t0_set_angle(s4, current_a4);

            _delay_ms(PLAYBACK_STEP_DELAY_MS);
        }

        keyframe_index++;
     d02:	9f 81       	ldd	r25, Y+7	; 0x07
     d04:	9f 5f       	subi	r25, 0xFF	; 255
     d06:	9f 83       	std	Y+7, r25	; 0x07
    uint8_t current_a2 = SERVO2_HOME_ANGLE;
    uint8_t current_a3 = SERVO3_HOME_ANGLE;
    uint8_t current_a4 = SERVO4_HOME_ANGLE;
    uint8_t keyframe_index = 0;

    while (keyframe_index < MAX_KEYFRAMES)
     d08:	8f 81       	ldd	r24, Y+7	; 0x07
     d0a:	84 30       	cpi	r24, 0x04	; 4
     d0c:	08 f4       	brcc	.+2      	; 0xd10 <run_mode_playback+0x1b8>
     d0e:	5e cf       	rjmp	.-324    	; 0xbcc <run_mode_playback+0x74>
        }

        keyframe_index++;
    }

    writeString("[PLAYBACK] Reproduccion finalizada.\r\n");
     d10:	8b ea       	ldi	r24, 0xAB	; 171
     d12:	94 e0       	ldi	r25, 0x04	; 4
     d14:	0e 94 ba 08 	call	0x1174	; 0x1174 <writeString>
}
     d18:	27 96       	adiw	r28, 0x07	; 7
     d1a:	0f b6       	in	r0, 0x3f	; 63
     d1c:	f8 94       	cli
     d1e:	de bf       	out	0x3e, r29	; 62
     d20:	0f be       	out	0x3f, r0	; 63
     d22:	cd bf       	out	0x3d, r28	; 61
     d24:	df 91       	pop	r29
     d26:	cf 91       	pop	r28
     d28:	1f 91       	pop	r17
     d2a:	0f 91       	pop	r16
     d2c:	ff 90       	pop	r15
     d2e:	ef 90       	pop	r14
     d30:	df 90       	pop	r13
     d32:	cf 90       	pop	r12
     d34:	bf 90       	pop	r11
     d36:	af 90       	pop	r10
     d38:	9f 90       	pop	r9
     d3a:	8f 90       	pop	r8
     d3c:	7f 90       	pop	r7
     d3e:	6f 90       	pop	r6
     d40:	5f 90       	pop	r5
     d42:	4f 90       	pop	r4
     d44:	3f 90       	pop	r3
     d46:	2f 90       	pop	r2
     d48:	08 95       	ret

00000d4a <main>:
app_mode_t       current_mode = MODE_ADC;

/****************************************/
// Main Function
int main(void)
{
     d4a:	cf 93       	push	r28
     d4c:	df 93       	push	r29
     d4e:	cd b7       	in	r28, 0x3d	; 61
     d50:	de b7       	in	r29, 0x3e	; 62
     d52:	2d 97       	sbiw	r28, 0x0d	; 13
     d54:	0f b6       	in	r0, 0x3f	; 63
     d56:	f8 94       	cli
     d58:	de bf       	out	0x3e, r29	; 62
     d5a:	0f be       	out	0x3f, r0	; 63
     d5c:	cd bf       	out	0x3d, r28	; 61
    cli();
     d5e:	f8 94       	cli

    servo_t    servo1, servo2;
    servo_t2_t servo3;
    servo_t0_t servo4;

    adc_init();
     d60:	0e 94 90 00 	call	0x120	; 0x120 <adc_init>

    pwm_servo_init(&servo1, PWM_CHANNEL_A);
     d64:	60 e0       	ldi	r22, 0x00	; 0
     d66:	ce 01       	movw	r24, r28
     d68:	01 96       	adiw	r24, 0x01	; 1
     d6a:	0e 94 70 07 	call	0xee0	; 0xee0 <pwm_servo_init>
    pwm_servo_init(&servo2, PWM_CHANNEL_B);
     d6e:	61 e0       	ldi	r22, 0x01	; 1
     d70:	ce 01       	movw	r24, r28
     d72:	05 96       	adiw	r24, 0x05	; 5
     d74:	0e 94 70 07 	call	0xee0	; 0xee0 <pwm_servo_init>
    pwm_servo_t2_init_at(&servo3, SERVO3_HOME_ANGLE);
     d78:	66 e9       	ldi	r22, 0x96	; 150
     d7a:	ce 01       	movw	r24, r28
     d7c:	09 96       	adiw	r24, 0x09	; 9
     d7e:	0e 94 8c 08 	call	0x1118	; 0x1118 <pwm_servo_t2_init_at>
    pwm_servo_t0_init_at(&servo4, SERVO4_HOME_ANGLE);
     d82:	65 e0       	ldi	r22, 0x05	; 5
     d84:	ce 01       	movw	r24, r28
     d86:	0c 96       	adiw	r24, 0x0c	; 12
     d88:	0e 94 2a 08 	call	0x1054	; 0x1054 <pwm_servo_t0_init_at>
    pwm_servo_set_angle(&servo1, SERVO1_HOME_ANGLE);
     d8c:	60 e0       	ldi	r22, 0x00	; 0
     d8e:	ce 01       	movw	r24, r28
     d90:	01 96       	adiw	r24, 0x01	; 1
     d92:	0e 94 d4 07 	call	0xfa8	; 0xfa8 <pwm_servo_set_angle>
    pwm_servo_set_angle(&servo2, SERVO2_HOME_ANGLE);
     d96:	65 ea       	ldi	r22, 0xA5	; 165
     d98:	ce 01       	movw	r24, r28
     d9a:	05 96       	adiw	r24, 0x05	; 5
     d9c:	0e 94 d4 07 	call	0xfa8	; 0xfa8 <pwm_servo_set_angle>

    initUART();
     da0:	0e 94 9e 08 	call	0x113c	; 0x113c <initUART>
    buttons_init();
     da4:	0e 94 68 00 	call	0xd0	; 0xd0 <buttons_init>

    DDRD  |=  (1 << PD2);
     da8:	8a b1       	in	r24, 0x0a	; 10
     daa:	84 60       	ori	r24, 0x04	; 4
     dac:	8a b9       	out	0x0a, r24	; 10
    PORTD &= ~(1 << PD2);
     dae:	8b b1       	in	r24, 0x0b	; 11
     db0:	8b 7f       	andi	r24, 0xFB	; 251
     db2:	8b b9       	out	0x0b, r24	; 11
    DDRB  |=  (1 << PB4) | (1 << PB5);
     db4:	84 b1       	in	r24, 0x04	; 4
     db6:	80 63       	ori	r24, 0x30	; 48
     db8:	84 b9       	out	0x04, r24	; 4
    PORTB &= ~((1 << PB4) | (1 << PB5));
     dba:	85 b1       	in	r24, 0x05	; 5
     dbc:	8f 7c       	andi	r24, 0xCF	; 207
     dbe:	85 b9       	out	0x05, r24	; 5

    sei();
     dc0:	78 94       	sei

    set_mode_leds(current_mode);
     dc2:	80 91 48 05 	lds	r24, 0x0548	; 0x800548 <__data_end>
     dc6:	0e 94 6f 00 	call	0xde	; 0xde <set_mode_leds>
    writeString("\r\n=== Brazo robotico iniciado ===\r\n");
     dca:	81 ed       	ldi	r24, 0xD1	; 209
     dcc:	94 e0       	ldi	r25, 0x04	; 4
     dce:	0e 94 ba 08 	call	0x1174	; 0x1174 <writeString>
    writeString("S1:0-180  S2:110-180  S3:95-160  S4:0-10\r\n");
     dd2:	85 ef       	ldi	r24, 0xF5	; 245
     dd4:	94 e0       	ldi	r25, 0x04	; 4
     dd6:	0e 94 ba 08 	call	0x1174	; 0x1174 <writeString>
    writeString("BTN PC4 = modo  |  BTN PC5 = ejecutar\r\n");
     dda:	80 e2       	ldi	r24, 0x20	; 32
     ddc:	95 e0       	ldi	r25, 0x05	; 5
     dde:	0e 94 ba 08 	call	0x1174	; 0x1174 <writeString>
    print_mode_name(current_mode);
     de2:	80 91 48 05 	lds	r24, 0x0548	; 0x800548 <__data_end>
     de6:	0e 94 64 01 	call	0x2c8	; 0x2c8 <print_mode_name>

    while (1)
    {
        if (button_pressed(BTN_CHANGE_PIN))
     dea:	84 e0       	ldi	r24, 0x04	; 4
     dec:	0e 94 8b 01 	call	0x316	; 0x316 <button_pressed>
     df0:	88 23       	and	r24, r24
     df2:	a1 f0       	breq	.+40     	; 0xe1c <main+0xd2>
        {
            current_mode = (app_mode_t)((current_mode + 1) % 4);
     df4:	80 91 48 05 	lds	r24, 0x0548	; 0x800548 <__data_end>
     df8:	90 e0       	ldi	r25, 0x00	; 0
     dfa:	01 96       	adiw	r24, 0x01	; 1
     dfc:	83 70       	andi	r24, 0x03	; 3
     dfe:	90 78       	andi	r25, 0x80	; 128
     e00:	99 23       	and	r25, r25
     e02:	24 f4       	brge	.+8      	; 0xe0c <main+0xc2>
     e04:	01 97       	sbiw	r24, 0x01	; 1
     e06:	8c 6f       	ori	r24, 0xFC	; 252
     e08:	9f 6f       	ori	r25, 0xFF	; 255
     e0a:	01 96       	adiw	r24, 0x01	; 1
     e0c:	80 93 48 05 	sts	0x0548, r24	; 0x800548 <__data_end>
            set_mode_leds(current_mode);
     e10:	0e 94 6f 00 	call	0xde	; 0xde <set_mode_leds>
            print_mode_name(current_mode);
     e14:	80 91 48 05 	lds	r24, 0x0548	; 0x800548 <__data_end>
     e18:	0e 94 64 01 	call	0x2c8	; 0x2c8 <print_mode_name>
        }

        if (button_pressed(BTN_ACTION_PIN))
     e1c:	85 e0       	ldi	r24, 0x05	; 5
     e1e:	0e 94 8b 01 	call	0x316	; 0x316 <button_pressed>
     e22:	88 23       	and	r24, r24
     e24:	11 f3       	breq	.-60     	; 0xdea <main+0xa0>
        {
            switch (current_mode)
     e26:	80 91 48 05 	lds	r24, 0x0548	; 0x800548 <__data_end>
     e2a:	81 30       	cpi	r24, 0x01	; 1
     e2c:	a1 f0       	breq	.+40     	; 0xe56 <main+0x10c>
     e2e:	28 f0       	brcs	.+10     	; 0xe3a <main+0xf0>
     e30:	82 30       	cpi	r24, 0x02	; 2
     e32:	f9 f0       	breq	.+62     	; 0xe72 <main+0x128>
     e34:	83 30       	cpi	r24, 0x03	; 3
     e36:	59 f1       	breq	.+86     	; 0xe8e <main+0x144>
     e38:	37 c0       	rjmp	.+110    	; 0xea8 <main+0x15e>
            {
                case MODE_ADC:      run_mode_adc(&servo1, &servo2, &servo3, &servo4);      break;
     e3a:	9e 01       	movw	r18, r28
     e3c:	24 5f       	subi	r18, 0xF4	; 244
     e3e:	3f 4f       	sbci	r19, 0xFF	; 255
     e40:	ae 01       	movw	r20, r28
     e42:	47 5f       	subi	r20, 0xF7	; 247
     e44:	5f 4f       	sbci	r21, 0xFF	; 255
     e46:	be 01       	movw	r22, r28
     e48:	6b 5f       	subi	r22, 0xFB	; 251
     e4a:	7f 4f       	sbci	r23, 0xFF	; 255
     e4c:	ce 01       	movw	r24, r28
     e4e:	01 96       	adiw	r24, 0x01	; 1
     e50:	0e 94 c2 01 	call	0x384	; 0x384 <run_mode_adc>
     e54:	29 c0       	rjmp	.+82     	; 0xea8 <main+0x15e>
                case MODE_SERIAL:   run_mode_serial(&servo1, &servo2, &servo3, &servo4);   break;
     e56:	9e 01       	movw	r18, r28
     e58:	24 5f       	subi	r18, 0xF4	; 244
     e5a:	3f 4f       	sbci	r19, 0xFF	; 255
     e5c:	ae 01       	movw	r20, r28
     e5e:	47 5f       	subi	r20, 0xF7	; 247
     e60:	5f 4f       	sbci	r21, 0xFF	; 255
     e62:	be 01       	movw	r22, r28
     e64:	6b 5f       	subi	r22, 0xFB	; 251
     e66:	7f 4f       	sbci	r23, 0xFF	; 255
     e68:	ce 01       	movw	r24, r28
     e6a:	01 96       	adiw	r24, 0x01	; 1
     e6c:	0e 94 92 03 	call	0x724	; 0x724 <run_mode_serial>
     e70:	1b c0       	rjmp	.+54     	; 0xea8 <main+0x15e>
                case MODE_RECORD:   run_mode_record(&servo1, &servo2, &servo3, &servo4);   break;
     e72:	9e 01       	movw	r18, r28
     e74:	24 5f       	subi	r18, 0xF4	; 244
     e76:	3f 4f       	sbci	r19, 0xFF	; 255
     e78:	ae 01       	movw	r20, r28
     e7a:	47 5f       	subi	r20, 0xF7	; 247
     e7c:	5f 4f       	sbci	r21, 0xFF	; 255
     e7e:	be 01       	movw	r22, r28
     e80:	6b 5f       	subi	r22, 0xFB	; 251
     e82:	7f 4f       	sbci	r23, 0xFF	; 255
     e84:	ce 01       	movw	r24, r28
     e86:	01 96       	adiw	r24, 0x01	; 1
     e88:	0e 94 0e 04 	call	0x81c	; 0x81c <run_mode_record>
     e8c:	0d c0       	rjmp	.+26     	; 0xea8 <main+0x15e>
                case MODE_PLAYBACK: run_mode_playback(&servo1, &servo2, &servo3, &servo4); break;
     e8e:	9e 01       	movw	r18, r28
     e90:	24 5f       	subi	r18, 0xF4	; 244
     e92:	3f 4f       	sbci	r19, 0xFF	; 255
     e94:	ae 01       	movw	r20, r28
     e96:	47 5f       	subi	r20, 0xF7	; 247
     e98:	5f 4f       	sbci	r21, 0xFF	; 255
     e9a:	be 01       	movw	r22, r28
     e9c:	6b 5f       	subi	r22, 0xFB	; 251
     e9e:	7f 4f       	sbci	r23, 0xFF	; 255
     ea0:	ce 01       	movw	r24, r28
     ea2:	01 96       	adiw	r24, 0x01	; 1
     ea4:	0e 94 ac 05 	call	0xb58	; 0xb58 <run_mode_playback>
            }
            set_mode_leds(current_mode);
     ea8:	80 91 48 05 	lds	r24, 0x0548	; 0x800548 <__data_end>
     eac:	0e 94 6f 00 	call	0xde	; 0xde <set_mode_leds>
            print_mode_name(current_mode);
     eb0:	80 91 48 05 	lds	r24, 0x0548	; 0x800548 <__data_end>
     eb4:	0e 94 64 01 	call	0x2c8	; 0x2c8 <print_mode_name>
     eb8:	98 cf       	rjmp	.-208    	; 0xdea <main+0xa0>

00000eba <__vector_18>:
}

/****************************************/
// Interrupt routines
ISR(USART_RX_vect)
{
     eba:	1f 92       	push	r1
     ebc:	0f 92       	push	r0
     ebe:	0f b6       	in	r0, 0x3f	; 63
     ec0:	0f 92       	push	r0
     ec2:	11 24       	eor	r1, r1
     ec4:	8f 93       	push	r24
    datoRX     = UDR0;
     ec6:	80 91 c6 00 	lds	r24, 0x00C6	; 0x8000c6 <__TEXT_REGION_LENGTH__+0x7f80c6>
     eca:	80 93 4a 05 	sts	0x054A, r24	; 0x80054a <datoRX>
    ExisteDato = 1;
     ece:	81 e0       	ldi	r24, 0x01	; 1
     ed0:	80 93 49 05 	sts	0x0549, r24	; 0x800549 <ExisteDato>
     ed4:	8f 91       	pop	r24
     ed6:	0f 90       	pop	r0
     ed8:	0f be       	out	0x3f, r0	; 63
     eda:	0f 90       	pop	r0
     edc:	1f 90       	pop	r1
     ede:	18 95       	reti

00000ee0 <pwm_servo_init>:
uint16_t pwm_servo_get_us(
    const servo_t* servo
)
{
    return servo->current_pulse_width_us;
}
     ee0:	fc 01       	movw	r30, r24
     ee2:	60 83       	st	Z, r22
     ee4:	8c ed       	ldi	r24, 0xDC	; 220
     ee6:	95 e0       	ldi	r25, 0x05	; 5
     ee8:	92 83       	std	Z+2, r25	; 0x02
     eea:	81 83       	std	Z+1, r24	; 0x01
     eec:	8a e5       	ldi	r24, 0x5A	; 90
     eee:	83 83       	std	Z+3, r24	; 0x03
     ef0:	80 91 4b 05 	lds	r24, 0x054B	; 0x80054b <timer1_initialized>
     ef4:	81 11       	cpse	r24, r1
     ef6:	18 c0       	rjmp	.+48     	; 0xf28 <pwm_servo_init+0x48>
     ef8:	a0 e8       	ldi	r26, 0x80	; 128
     efa:	b0 e0       	ldi	r27, 0x00	; 0
     efc:	1c 92       	st	X, r1
     efe:	e1 e8       	ldi	r30, 0x81	; 129
     f00:	f0 e0       	ldi	r31, 0x00	; 0
     f02:	10 82       	st	Z, r1
     f04:	8c 91       	ld	r24, X
     f06:	82 60       	ori	r24, 0x02	; 2
     f08:	8c 93       	st	X, r24
     f0a:	80 81       	ld	r24, Z
     f0c:	88 61       	ori	r24, 0x18	; 24
     f0e:	80 83       	st	Z, r24
     f10:	80 81       	ld	r24, Z
     f12:	82 60       	ori	r24, 0x02	; 2
     f14:	80 83       	st	Z, r24
     f16:	8f e3       	ldi	r24, 0x3F	; 63
     f18:	9c e9       	ldi	r25, 0x9C	; 156
     f1a:	90 93 87 00 	sts	0x0087, r25	; 0x800087 <__TEXT_REGION_LENGTH__+0x7f8087>
     f1e:	80 93 86 00 	sts	0x0086, r24	; 0x800086 <__TEXT_REGION_LENGTH__+0x7f8086>
     f22:	81 e0       	ldi	r24, 0x01	; 1
     f24:	80 93 4b 05 	sts	0x054B, r24	; 0x80054b <timer1_initialized>
     f28:	61 11       	cpse	r22, r1
     f2a:	0f c0       	rjmp	.+30     	; 0xf4a <pwm_servo_init+0x6a>
     f2c:	84 b1       	in	r24, 0x04	; 4
     f2e:	82 60       	ori	r24, 0x02	; 2
     f30:	84 b9       	out	0x04, r24	; 4
     f32:	e0 e8       	ldi	r30, 0x80	; 128
     f34:	f0 e0       	ldi	r31, 0x00	; 0
     f36:	80 81       	ld	r24, Z
     f38:	80 68       	ori	r24, 0x80	; 128
     f3a:	80 83       	st	Z, r24
     f3c:	88 eb       	ldi	r24, 0xB8	; 184
     f3e:	9b e0       	ldi	r25, 0x0B	; 11
     f40:	90 93 89 00 	sts	0x0089, r25	; 0x800089 <__TEXT_REGION_LENGTH__+0x7f8089>
     f44:	80 93 88 00 	sts	0x0088, r24	; 0x800088 <__TEXT_REGION_LENGTH__+0x7f8088>
     f48:	08 95       	ret
     f4a:	84 b1       	in	r24, 0x04	; 4
     f4c:	84 60       	ori	r24, 0x04	; 4
     f4e:	84 b9       	out	0x04, r24	; 4
     f50:	e0 e8       	ldi	r30, 0x80	; 128
     f52:	f0 e0       	ldi	r31, 0x00	; 0
     f54:	80 81       	ld	r24, Z
     f56:	80 62       	ori	r24, 0x20	; 32
     f58:	80 83       	st	Z, r24
     f5a:	88 eb       	ldi	r24, 0xB8	; 184
     f5c:	9b e0       	ldi	r25, 0x0B	; 11
     f5e:	90 93 8b 00 	sts	0x008B, r25	; 0x80008b <__TEXT_REGION_LENGTH__+0x7f808b>
     f62:	80 93 8a 00 	sts	0x008A, r24	; 0x80008a <__TEXT_REGION_LENGTH__+0x7f808a>
     f66:	08 95       	ret

00000f68 <pwm_servo_set_us>:
     f68:	64 3f       	cpi	r22, 0xF4	; 244
     f6a:	21 e0       	ldi	r18, 0x01	; 1
     f6c:	72 07       	cpc	r23, r18
     f6e:	10 f4       	brcc	.+4      	; 0xf74 <pwm_servo_set_us+0xc>
     f70:	64 ef       	ldi	r22, 0xF4	; 244
     f72:	71 e0       	ldi	r23, 0x01	; 1
     f74:	61 36       	cpi	r22, 0x61	; 97
     f76:	e9 e0       	ldi	r30, 0x09	; 9
     f78:	7e 07       	cpc	r23, r30
     f7a:	10 f0       	brcs	.+4      	; 0xf80 <pwm_servo_set_us+0x18>
     f7c:	60 e6       	ldi	r22, 0x60	; 96
     f7e:	79 e0       	ldi	r23, 0x09	; 9
     f80:	fc 01       	movw	r30, r24
     f82:	72 83       	std	Z+2, r23	; 0x02
     f84:	61 83       	std	Z+1, r22	; 0x01
     f86:	80 81       	ld	r24, Z
     f88:	81 11       	cpse	r24, r1
     f8a:	07 c0       	rjmp	.+14     	; 0xf9a <pwm_servo_set_us+0x32>
     f8c:	66 0f       	add	r22, r22
     f8e:	77 1f       	adc	r23, r23
     f90:	70 93 89 00 	sts	0x0089, r23	; 0x800089 <__TEXT_REGION_LENGTH__+0x7f8089>
     f94:	60 93 88 00 	sts	0x0088, r22	; 0x800088 <__TEXT_REGION_LENGTH__+0x7f8088>
     f98:	08 95       	ret
     f9a:	66 0f       	add	r22, r22
     f9c:	77 1f       	adc	r23, r23
     f9e:	70 93 8b 00 	sts	0x008B, r23	; 0x80008b <__TEXT_REGION_LENGTH__+0x7f808b>
     fa2:	60 93 8a 00 	sts	0x008A, r22	; 0x80008a <__TEXT_REGION_LENGTH__+0x7f808a>
     fa6:	08 95       	ret

00000fa8 <pwm_servo_set_angle>:
     fa8:	cf 93       	push	r28
     faa:	df 93       	push	r29
     fac:	ec 01       	movw	r28, r24
     fae:	65 3b       	cpi	r22, 0xB5	; 181
     fb0:	08 f0       	brcs	.+2      	; 0xfb4 <pwm_servo_set_angle+0xc>
     fb2:	64 eb       	ldi	r22, 0xB4	; 180
     fb4:	6b 83       	std	Y+3, r22	; 0x03
     fb6:	26 2f       	mov	r18, r22
     fb8:	30 e0       	ldi	r19, 0x00	; 0
     fba:	ac e6       	ldi	r26, 0x6C	; 108
     fbc:	b7 e0       	ldi	r27, 0x07	; 7
     fbe:	0e 94 18 09 	call	0x1230	; 0x1230 <__umulhisi3>
     fc2:	24 eb       	ldi	r18, 0xB4	; 180
     fc4:	30 e0       	ldi	r19, 0x00	; 0
     fc6:	40 e0       	ldi	r20, 0x00	; 0
     fc8:	50 e0       	ldi	r21, 0x00	; 0
     fca:	0e 94 d7 08 	call	0x11ae	; 0x11ae <__udivmodsi4>
     fce:	b9 01       	movw	r22, r18
     fd0:	6c 50       	subi	r22, 0x0C	; 12
     fd2:	7e 4f       	sbci	r23, 0xFE	; 254
     fd4:	ce 01       	movw	r24, r28
     fd6:	0e 94 b4 07 	call	0xf68	; 0xf68 <pwm_servo_set_us>
     fda:	df 91       	pop	r29
     fdc:	cf 91       	pop	r28
     fde:	08 95       	ret

00000fe0 <pwm_servo_get_angle>:
uint8_t pwm_servo_get_angle(
    const servo_t* servo
)
{
    return servo->current_angle;
}
     fe0:	fc 01       	movw	r30, r24
     fe2:	83 81       	ldd	r24, Z+3	; 0x03
     fe4:	08 95       	ret

00000fe6 <timer0_hw_init>:
/* GET TICKS                            */

uint8_t pwm_servo_t0_get_ticks(const servo_t0_t *servo)
{
    return servo->current_ticks;
}
     fe6:	14 bc       	out	0x24, r1	; 36
     fe8:	15 bc       	out	0x25, r1	; 37
     fea:	84 b5       	in	r24, 0x24	; 36
     fec:	83 60       	ori	r24, 0x03	; 3
     fee:	84 bd       	out	0x24, r24	; 36
     ff0:	85 b5       	in	r24, 0x25	; 37
     ff2:	88 60       	ori	r24, 0x08	; 8
     ff4:	85 bd       	out	0x25, r24	; 37
     ff6:	84 b5       	in	r24, 0x24	; 36
     ff8:	80 62       	ori	r24, 0x20	; 32
     ffa:	84 bd       	out	0x24, r24	; 36
     ffc:	85 b5       	in	r24, 0x25	; 37
     ffe:	85 60       	ori	r24, 0x05	; 5
    1000:	85 bd       	out	0x25, r24	; 37
    1002:	89 ef       	ldi	r24, 0xF9	; 249
    1004:	87 bd       	out	0x27, r24	; 39
    1006:	8a b1       	in	r24, 0x0a	; 10
    1008:	80 62       	ori	r24, 0x20	; 32
    100a:	8a b9       	out	0x0a, r24	; 10
    100c:	08 95       	ret

0000100e <pwm_servo_t0_set_ticks>:
    100e:	6a 30       	cpi	r22, 0x0A	; 10
    1010:	08 f4       	brcc	.+2      	; 0x1014 <pwm_servo_t0_set_ticks+0x6>
    1012:	6a e0       	ldi	r22, 0x0A	; 10
    1014:	62 32       	cpi	r22, 0x22	; 34
    1016:	08 f0       	brcs	.+2      	; 0x101a <pwm_servo_t0_set_ticks+0xc>
    1018:	61 e2       	ldi	r22, 0x21	; 33
    101a:	fc 01       	movw	r30, r24
    101c:	60 83       	st	Z, r22
    101e:	68 bd       	out	0x28, r22	; 40
    1020:	08 95       	ret

00001022 <pwm_servo_t0_set_angle>:
    1022:	fc 01       	movw	r30, r24
    1024:	65 36       	cpi	r22, 0x65	; 101
    1026:	08 f0       	brcs	.+2      	; 0x102a <pwm_servo_t0_set_angle+0x8>
    1028:	64 e6       	ldi	r22, 0x64	; 100
    102a:	61 83       	std	Z+1, r22	; 0x01
    102c:	87 e1       	ldi	r24, 0x17	; 23
    102e:	68 9f       	mul	r22, r24
    1030:	90 01       	movw	r18, r0
    1032:	11 24       	eor	r1, r1
    1034:	36 95       	lsr	r19
    1036:	27 95       	ror	r18
    1038:	36 95       	lsr	r19
    103a:	27 95       	ror	r18
    103c:	ab e7       	ldi	r26, 0x7B	; 123
    103e:	b4 e1       	ldi	r27, 0x14	; 20
    1040:	0e 94 18 09 	call	0x1230	; 0x1230 <__umulhisi3>
    1044:	96 95       	lsr	r25
    1046:	87 95       	ror	r24
    1048:	6a e0       	ldi	r22, 0x0A	; 10
    104a:	68 0f       	add	r22, r24
    104c:	cf 01       	movw	r24, r30
    104e:	0e 94 07 08 	call	0x100e	; 0x100e <pwm_servo_t0_set_ticks>
    1052:	08 95       	ret

00001054 <pwm_servo_t0_init_at>:
    1054:	1f 93       	push	r17
    1056:	cf 93       	push	r28
    1058:	df 93       	push	r29
    105a:	ec 01       	movw	r28, r24
    105c:	16 2f       	mov	r17, r22
    105e:	0e 94 f3 07 	call	0xfe6	; 0xfe6 <timer0_hw_init>
    1062:	61 2f       	mov	r22, r17
    1064:	ce 01       	movw	r24, r28
    1066:	0e 94 11 08 	call	0x1022	; 0x1022 <pwm_servo_t0_set_angle>
    106a:	df 91       	pop	r29
    106c:	cf 91       	pop	r28
    106e:	1f 91       	pop	r17
    1070:	08 95       	ret

00001072 <pwm_servo_t0_get_angle>:
/* GET ANGLE                            */

uint8_t pwm_servo_t0_get_angle(const servo_t0_t *servo)
{
    return servo->current_angle;
}
    1072:	fc 01       	movw	r30, r24
    1074:	81 81       	ldd	r24, Z+1	; 0x01
    1076:	08 95       	ret

00001078 <timer2_hw_init>:
/* GET                                  */

uint16_t pwm_servo_t2_get_us(const servo_t2_t *servo)
{
    return servo->current_pulse_us;
}
    1078:	a0 eb       	ldi	r26, 0xB0	; 176
    107a:	b0 e0       	ldi	r27, 0x00	; 0
    107c:	1c 92       	st	X, r1
    107e:	e1 eb       	ldi	r30, 0xB1	; 177
    1080:	f0 e0       	ldi	r31, 0x00	; 0
    1082:	10 82       	st	Z, r1
    1084:	8c 91       	ld	r24, X
    1086:	83 60       	ori	r24, 0x03	; 3
    1088:	8c 93       	st	X, r24
    108a:	80 81       	ld	r24, Z
    108c:	88 60       	ori	r24, 0x08	; 8
    108e:	80 83       	st	Z, r24
    1090:	8c 91       	ld	r24, X
    1092:	80 62       	ori	r24, 0x20	; 32
    1094:	8c 93       	st	X, r24
    1096:	80 81       	ld	r24, Z
    1098:	87 60       	ori	r24, 0x07	; 7
    109a:	80 83       	st	Z, r24
    109c:	8f ef       	ldi	r24, 0xFF	; 255
    109e:	80 93 b3 00 	sts	0x00B3, r24	; 0x8000b3 <__TEXT_REGION_LENGTH__+0x7f80b3>
    10a2:	8a b1       	in	r24, 0x0a	; 10
    10a4:	88 60       	ori	r24, 0x08	; 8
    10a6:	8a b9       	out	0x0a, r24	; 10
    10a8:	08 95       	ret

000010aa <pwm_servo_t2_set_us>:
    10aa:	64 3f       	cpi	r22, 0xF4	; 244
    10ac:	21 e0       	ldi	r18, 0x01	; 1
    10ae:	72 07       	cpc	r23, r18
    10b0:	10 f4       	brcc	.+4      	; 0x10b6 <pwm_servo_t2_set_us+0xc>
    10b2:	64 ef       	ldi	r22, 0xF4	; 244
    10b4:	71 e0       	ldi	r23, 0x01	; 1
    10b6:	61 36       	cpi	r22, 0x61	; 97
    10b8:	e9 e0       	ldi	r30, 0x09	; 9
    10ba:	7e 07       	cpc	r23, r30
    10bc:	10 f0       	brcs	.+4      	; 0x10c2 <pwm_servo_t2_set_us+0x18>
    10be:	60 e6       	ldi	r22, 0x60	; 96
    10c0:	79 e0       	ldi	r23, 0x09	; 9
    10c2:	fc 01       	movw	r30, r24
    10c4:	71 83       	std	Z+1, r23	; 0x01
    10c6:	60 83       	st	Z, r22
    10c8:	00 24       	eor	r0, r0
    10ca:	66 0f       	add	r22, r22
    10cc:	77 1f       	adc	r23, r23
    10ce:	00 1c       	adc	r0, r0
    10d0:	66 0f       	add	r22, r22
    10d2:	77 1f       	adc	r23, r23
    10d4:	00 1c       	adc	r0, r0
    10d6:	67 2f       	mov	r22, r23
    10d8:	70 2d       	mov	r23, r0
    10da:	60 93 b4 00 	sts	0x00B4, r22	; 0x8000b4 <__TEXT_REGION_LENGTH__+0x7f80b4>
    10de:	08 95       	ret

000010e0 <pwm_servo_t2_set_angle>:
    10e0:	cf 93       	push	r28
    10e2:	df 93       	push	r29
    10e4:	ec 01       	movw	r28, r24
    10e6:	65 3b       	cpi	r22, 0xB5	; 181
    10e8:	08 f0       	brcs	.+2      	; 0x10ec <pwm_servo_t2_set_angle+0xc>
    10ea:	64 eb       	ldi	r22, 0xB4	; 180
    10ec:	6a 83       	std	Y+2, r22	; 0x02
    10ee:	26 2f       	mov	r18, r22
    10f0:	30 e0       	ldi	r19, 0x00	; 0
    10f2:	ac e6       	ldi	r26, 0x6C	; 108
    10f4:	b7 e0       	ldi	r27, 0x07	; 7
    10f6:	0e 94 18 09 	call	0x1230	; 0x1230 <__umulhisi3>
    10fa:	24 eb       	ldi	r18, 0xB4	; 180
    10fc:	30 e0       	ldi	r19, 0x00	; 0
    10fe:	40 e0       	ldi	r20, 0x00	; 0
    1100:	50 e0       	ldi	r21, 0x00	; 0
    1102:	0e 94 d7 08 	call	0x11ae	; 0x11ae <__udivmodsi4>
    1106:	b9 01       	movw	r22, r18
    1108:	6c 50       	subi	r22, 0x0C	; 12
    110a:	7e 4f       	sbci	r23, 0xFE	; 254
    110c:	ce 01       	movw	r24, r28
    110e:	0e 94 55 08 	call	0x10aa	; 0x10aa <pwm_servo_t2_set_us>
    1112:	df 91       	pop	r29
    1114:	cf 91       	pop	r28
    1116:	08 95       	ret

00001118 <pwm_servo_t2_init_at>:
    1118:	1f 93       	push	r17
    111a:	cf 93       	push	r28
    111c:	df 93       	push	r29
    111e:	ec 01       	movw	r28, r24
    1120:	16 2f       	mov	r17, r22
    1122:	0e 94 3c 08 	call	0x1078	; 0x1078 <timer2_hw_init>
    1126:	61 2f       	mov	r22, r17
    1128:	ce 01       	movw	r24, r28
    112a:	0e 94 70 08 	call	0x10e0	; 0x10e0 <pwm_servo_t2_set_angle>
    112e:	df 91       	pop	r29
    1130:	cf 91       	pop	r28
    1132:	1f 91       	pop	r17
    1134:	08 95       	ret

00001136 <pwm_servo_t2_get_angle>:

uint8_t pwm_servo_t2_get_angle(const servo_t2_t *servo)
{
    return servo->current_angle;
}
    1136:	fc 01       	movw	r30, r24
    1138:	82 81       	ldd	r24, Z+2	; 0x02
    113a:	08 95       	ret

0000113c <initUART>:
#include <avr/interrupt.h>

void initUART(void)
{
	// Configurar pines RX y TX
	DDRD &= ~(1<<DDD0);
    113c:	8a b1       	in	r24, 0x0a	; 10
    113e:	8e 7f       	andi	r24, 0xFE	; 254
    1140:	8a b9       	out	0x0a, r24	; 10
	DDRD |=	 (1<<DDD1);
    1142:	8a b1       	in	r24, 0x0a	; 10
    1144:	82 60       	ori	r24, 0x02	; 2
    1146:	8a b9       	out	0x0a, r24	; 10
	
	UCSR0A = 0;
    1148:	10 92 c0 00 	sts	0x00C0, r1	; 0x8000c0 <__TEXT_REGION_LENGTH__+0x7f80c0>
	// Habilitando interrupciones, habilitando RX y TX del UART0
	UCSR0B = (1<<RXCIE0) | (1<<RXEN0) | (1<<TXEN0);
    114c:	88 e9       	ldi	r24, 0x98	; 152
    114e:	80 93 c1 00 	sts	0x00C1, r24	; 0x8000c1 <__TEXT_REGION_LENGTH__+0x7f80c1>
	// Async, Paridad deshabilitada, 1 stop bit, 8 data bits
	UCSR0C = (1<<UCSZ01) | (1<<UCSZ00);
    1152:	86 e0       	ldi	r24, 0x06	; 6
    1154:	80 93 c2 00 	sts	0x00C2, r24	; 0x8000c2 <__TEXT_REGION_LENGTH__+0x7f80c2>
	// Setear UBRR0 = 103
	UBRR0 = 103;
    1158:	87 e6       	ldi	r24, 0x67	; 103
    115a:	90 e0       	ldi	r25, 0x00	; 0
    115c:	90 93 c5 00 	sts	0x00C5, r25	; 0x8000c5 <__TEXT_REGION_LENGTH__+0x7f80c5>
    1160:	80 93 c4 00 	sts	0x00C4, r24	; 0x8000c4 <__TEXT_REGION_LENGTH__+0x7f80c4>
    1164:	08 95       	ret

00001166 <writeChar>:
}

void writeChar(char caracter)
{
	while (!(UCSR0A & (1<<UDRE0)));
    1166:	90 91 c0 00 	lds	r25, 0x00C0	; 0x8000c0 <__TEXT_REGION_LENGTH__+0x7f80c0>
    116a:	95 ff       	sbrs	r25, 5
    116c:	fc cf       	rjmp	.-8      	; 0x1166 <writeChar>
	UDR0 = caracter;
    116e:	80 93 c6 00 	sts	0x00C6, r24	; 0x8000c6 <__TEXT_REGION_LENGTH__+0x7f80c6>
    1172:	08 95       	ret

00001174 <writeString>:
}

void writeString(char* string)
{
    1174:	cf 93       	push	r28
    1176:	df 93       	push	r29
    1178:	ec 01       	movw	r28, r24
	while (*string != '\0')
    117a:	03 c0       	rjmp	.+6      	; 0x1182 <writeString+0xe>
	{
		writeChar(*string);
    117c:	0e 94 b3 08 	call	0x1166	; 0x1166 <writeChar>
		string++;
    1180:	21 96       	adiw	r28, 0x01	; 1
	UDR0 = caracter;
}

void writeString(char* string)
{
	while (*string != '\0')
    1182:	88 81       	ld	r24, Y
    1184:	81 11       	cpse	r24, r1
    1186:	fa cf       	rjmp	.-12     	; 0x117c <writeString+0x8>
	{
		writeChar(*string);
		string++;
	}
    1188:	df 91       	pop	r29
    118a:	cf 91       	pop	r28
    118c:	08 95       	ret

0000118e <__mulsi3>:
    118e:	db 01       	movw	r26, r22
    1190:	8f 93       	push	r24
    1192:	9f 93       	push	r25
    1194:	0e 94 27 09 	call	0x124e	; 0x124e <__muluhisi3>
    1198:	bf 91       	pop	r27
    119a:	af 91       	pop	r26
    119c:	a2 9f       	mul	r26, r18
    119e:	80 0d       	add	r24, r0
    11a0:	91 1d       	adc	r25, r1
    11a2:	a3 9f       	mul	r26, r19
    11a4:	90 0d       	add	r25, r0
    11a6:	b2 9f       	mul	r27, r18
    11a8:	90 0d       	add	r25, r0
    11aa:	11 24       	eor	r1, r1
    11ac:	08 95       	ret

000011ae <__udivmodsi4>:
    11ae:	a1 e2       	ldi	r26, 0x21	; 33
    11b0:	1a 2e       	mov	r1, r26
    11b2:	aa 1b       	sub	r26, r26
    11b4:	bb 1b       	sub	r27, r27
    11b6:	fd 01       	movw	r30, r26
    11b8:	0d c0       	rjmp	.+26     	; 0x11d4 <__udivmodsi4_ep>

000011ba <__udivmodsi4_loop>:
    11ba:	aa 1f       	adc	r26, r26
    11bc:	bb 1f       	adc	r27, r27
    11be:	ee 1f       	adc	r30, r30
    11c0:	ff 1f       	adc	r31, r31
    11c2:	a2 17       	cp	r26, r18
    11c4:	b3 07       	cpc	r27, r19
    11c6:	e4 07       	cpc	r30, r20
    11c8:	f5 07       	cpc	r31, r21
    11ca:	20 f0       	brcs	.+8      	; 0x11d4 <__udivmodsi4_ep>
    11cc:	a2 1b       	sub	r26, r18
    11ce:	b3 0b       	sbc	r27, r19
    11d0:	e4 0b       	sbc	r30, r20
    11d2:	f5 0b       	sbc	r31, r21

000011d4 <__udivmodsi4_ep>:
    11d4:	66 1f       	adc	r22, r22
    11d6:	77 1f       	adc	r23, r23
    11d8:	88 1f       	adc	r24, r24
    11da:	99 1f       	adc	r25, r25
    11dc:	1a 94       	dec	r1
    11de:	69 f7       	brne	.-38     	; 0x11ba <__udivmodsi4_loop>
    11e0:	60 95       	com	r22
    11e2:	70 95       	com	r23
    11e4:	80 95       	com	r24
    11e6:	90 95       	com	r25
    11e8:	9b 01       	movw	r18, r22
    11ea:	ac 01       	movw	r20, r24
    11ec:	bd 01       	movw	r22, r26
    11ee:	cf 01       	movw	r24, r30
    11f0:	08 95       	ret

000011f2 <__divmodsi4>:
    11f2:	05 2e       	mov	r0, r21
    11f4:	97 fb       	bst	r25, 7
    11f6:	1e f4       	brtc	.+6      	; 0x11fe <__divmodsi4+0xc>
    11f8:	00 94       	com	r0
    11fa:	0e 94 10 09 	call	0x1220	; 0x1220 <__negsi2>
    11fe:	57 fd       	sbrc	r21, 7
    1200:	07 d0       	rcall	.+14     	; 0x1210 <__divmodsi4_neg2>
    1202:	0e 94 d7 08 	call	0x11ae	; 0x11ae <__udivmodsi4>
    1206:	07 fc       	sbrc	r0, 7
    1208:	03 d0       	rcall	.+6      	; 0x1210 <__divmodsi4_neg2>
    120a:	4e f4       	brtc	.+18     	; 0x121e <__divmodsi4_exit>
    120c:	0c 94 10 09 	jmp	0x1220	; 0x1220 <__negsi2>

00001210 <__divmodsi4_neg2>:
    1210:	50 95       	com	r21
    1212:	40 95       	com	r20
    1214:	30 95       	com	r19
    1216:	21 95       	neg	r18
    1218:	3f 4f       	sbci	r19, 0xFF	; 255
    121a:	4f 4f       	sbci	r20, 0xFF	; 255
    121c:	5f 4f       	sbci	r21, 0xFF	; 255

0000121e <__divmodsi4_exit>:
    121e:	08 95       	ret

00001220 <__negsi2>:
    1220:	90 95       	com	r25
    1222:	80 95       	com	r24
    1224:	70 95       	com	r23
    1226:	61 95       	neg	r22
    1228:	7f 4f       	sbci	r23, 0xFF	; 255
    122a:	8f 4f       	sbci	r24, 0xFF	; 255
    122c:	9f 4f       	sbci	r25, 0xFF	; 255
    122e:	08 95       	ret

00001230 <__umulhisi3>:
    1230:	a2 9f       	mul	r26, r18
    1232:	b0 01       	movw	r22, r0
    1234:	b3 9f       	mul	r27, r19
    1236:	c0 01       	movw	r24, r0
    1238:	a3 9f       	mul	r26, r19
    123a:	70 0d       	add	r23, r0
    123c:	81 1d       	adc	r24, r1
    123e:	11 24       	eor	r1, r1
    1240:	91 1d       	adc	r25, r1
    1242:	b2 9f       	mul	r27, r18
    1244:	70 0d       	add	r23, r0
    1246:	81 1d       	adc	r24, r1
    1248:	11 24       	eor	r1, r1
    124a:	91 1d       	adc	r25, r1
    124c:	08 95       	ret

0000124e <__muluhisi3>:
    124e:	0e 94 18 09 	call	0x1230	; 0x1230 <__umulhisi3>
    1252:	a5 9f       	mul	r26, r21
    1254:	90 0d       	add	r25, r0
    1256:	b4 9f       	mul	r27, r20
    1258:	90 0d       	add	r25, r0
    125a:	a4 9f       	mul	r26, r20
    125c:	80 0d       	add	r24, r0
    125e:	91 1d       	adc	r25, r1
    1260:	11 24       	eor	r1, r1
    1262:	08 95       	ret

00001264 <atoi>:
    1264:	fc 01       	movw	r30, r24
    1266:	88 27       	eor	r24, r24
    1268:	99 27       	eor	r25, r25
    126a:	e8 94       	clt
    126c:	21 91       	ld	r18, Z+
    126e:	20 32       	cpi	r18, 0x20	; 32
    1270:	e9 f3       	breq	.-6      	; 0x126c <atoi+0x8>
    1272:	29 30       	cpi	r18, 0x09	; 9
    1274:	10 f0       	brcs	.+4      	; 0x127a <atoi+0x16>
    1276:	2e 30       	cpi	r18, 0x0E	; 14
    1278:	c8 f3       	brcs	.-14     	; 0x126c <atoi+0x8>
    127a:	2b 32       	cpi	r18, 0x2B	; 43
    127c:	41 f0       	breq	.+16     	; 0x128e <atoi+0x2a>
    127e:	2d 32       	cpi	r18, 0x2D	; 45
    1280:	39 f4       	brne	.+14     	; 0x1290 <atoi+0x2c>
    1282:	68 94       	set
    1284:	04 c0       	rjmp	.+8      	; 0x128e <atoi+0x2a>
    1286:	0e 94 64 09 	call	0x12c8	; 0x12c8 <__mulhi_const_10>
    128a:	82 0f       	add	r24, r18
    128c:	91 1d       	adc	r25, r1
    128e:	21 91       	ld	r18, Z+
    1290:	20 53       	subi	r18, 0x30	; 48
    1292:	2a 30       	cpi	r18, 0x0A	; 10
    1294:	c0 f3       	brcs	.-16     	; 0x1286 <atoi+0x22>
    1296:	1e f4       	brtc	.+6      	; 0x129e <atoi+0x3a>
    1298:	90 95       	com	r25
    129a:	81 95       	neg	r24
    129c:	9f 4f       	sbci	r25, 0xFF	; 255
    129e:	08 95       	ret

000012a0 <strchr>:
    12a0:	fc 01       	movw	r30, r24
    12a2:	81 91       	ld	r24, Z+
    12a4:	86 17       	cp	r24, r22
    12a6:	21 f0       	breq	.+8      	; 0x12b0 <strchr+0x10>
    12a8:	88 23       	and	r24, r24
    12aa:	d9 f7       	brne	.-10     	; 0x12a2 <strchr+0x2>
    12ac:	99 27       	eor	r25, r25
    12ae:	08 95       	ret
    12b0:	31 97       	sbiw	r30, 0x01	; 1
    12b2:	cf 01       	movw	r24, r30
    12b4:	08 95       	ret

000012b6 <strcmp>:
    12b6:	fb 01       	movw	r30, r22
    12b8:	dc 01       	movw	r26, r24
    12ba:	8d 91       	ld	r24, X+
    12bc:	01 90       	ld	r0, Z+
    12be:	80 19       	sub	r24, r0
    12c0:	01 10       	cpse	r0, r1
    12c2:	d9 f3       	breq	.-10     	; 0x12ba <strcmp+0x4>
    12c4:	99 0b       	sbc	r25, r25
    12c6:	08 95       	ret

000012c8 <__mulhi_const_10>:
    12c8:	7a e0       	ldi	r23, 0x0A	; 10
    12ca:	97 9f       	mul	r25, r23
    12cc:	90 2d       	mov	r25, r0
    12ce:	87 9f       	mul	r24, r23
    12d0:	80 2d       	mov	r24, r0
    12d2:	91 0d       	add	r25, r1
    12d4:	11 24       	eor	r1, r1
    12d6:	08 95       	ret

000012d8 <_exit>:
    12d8:	f8 94       	cli

000012da <__stop_program>:
    12da:	ff cf       	rjmp	.-2      	; 0x12da <__stop_program>
